call,final_score,class,total_qsos,power_multiplier,gota_call,sec,number_of_participants,club_name
AA1K,4050,1C,390,5,NA,DE,1,NA
AA1PL,1500,1B1B,136,5,NA,RI,1,NA
AA1PR,288,1D,144,2,NA,VT,1,NA
AA2BJ,3542,1D,1006,2,NA,EPA,2,NA
AA2DC,8416,2E,2812,2,NA,NLI,3,NA
AA2JZ,750,1E,150,2,NA,NFL,1,NA
AA3B,8846,1E,2149,2,NA,EPA,1,NA
AA3DC,810,3A,210,2,NA,MDC,9,Capital City ARS
AA4GA,1460,1E,136,5,NA,GA,1,NA
AA4JI,1620,1B1B,264,5,NA,TN,1,NA
AA4LR,1496,1E,363,2,NA,GA,1,NA
AA4P,1306,3AC,268,2,NA,GA,31,Colquitt Co Ham Radio Soc
AA4TA,1998,6A,533,2,W4CHM,TN,10,Clarksville Operating Radio Enthusiasts
AA5AR,6734,3AC,1579,2,NW5AR,AR,15,AR Klub of the AR NW
AA5CK,2870,1B1B,260,5,NA,OK,1,NA
AA5VU,582,1D,137,2,NA,STX,1,NA
AA6CV,4900,16A,871,2,NA,SB,70,Conejo Valley ARC
AA6EE,424,1D,106,2,NA,SDG,1,NA
AA6TS,94,1D,22,2,NA,SDG,1,NA
AA8BV,1458,3A,424,2,NA,OH,4,Not Quite Workable FD Group
AA8IA,394,1D,100,2,NA,OH,1,NA
AA8N,124,1D,37,2,NA,MI,1,NA
AA8OY,930,1B1B,68,5,NA,OH,1,NA
AA8V,1040,1E,210,2,NA,MDC,1,NA
AAŘA,506,1D,506,1,NA,MO,1,NA
AAŘBQ,1600,1B1B,135,5,NA,MN,1,NA
AAŘLV,138,1D,44,2,NA,KS,1,NA
AAŘMN,802,1A,182,2,NA,MN,6,Minnesota AR Technical Society
AAŘPO,1188,1E,1138,1,NA,MO,1,NA
AAŘW,320,1E,55,2,NA,NE,1,NA
AB2ZO,258,1D,27,2,NA,ENY,1,NA
AB3AP,940,1B1B,79,5,NA,EPA,1,NA
AB3KC,416,1A,123,2,NA,MDC,3,Tres Hermanos
AB3RU,630,1B1B,48,5,NA,WPA,1,NA
AB4KE,3890,5A,995,2,AD4GS,GA,40,LaGrange ARC
AB5ER,7430,2F,1795,2,N5HU,AR,51,NA
AB5J,672,2AC,11,2,NA,OK,3,Frank Phillips Memorial Rep Assn
AB6MV,1584,3A,233,2,KK6CXA,ORG,23,Moreno Valley ARA
AB6S,1184,1B1,517,2,NA,SJV,1,NA
AB7HP,3192,11A,486,2,W7VOI,ID,55,Hewlett Packard Boise ARC & Voice of Idaho ARC
AB8I,3032,3F,685,2,K8BRY,MI,17,NA
AB8VV,902,3AC,168,2,NA,MI,3,NA
AB8XX,290,1B1B,5,5,NA,OH,1,NA
AB9CA/4,3206,1B1,739,2,NA,AL,1,NA
AB9PN,1754,2A,351,2,NA,WI,3,NA
ABŘOA,356,1D,178,2,NA,MO,1,NA
AC1L,2418,2A,552,2,KB1MSU,WMA,28,Franklin Co ARC
AC2EV,110,1D,30,2,NA,WNY,1,NA
AC2GD,434,1B1,42,2,NA,NLI,1,NA
AC2HJ,410,1B1B,26,5,NA,WNY,1,NA
AC2JO,208,1C,29,2,NA,NC,1,NA
AC3V,1375,1AB,142,5,NA,EPA,3,Mountain Eagles
AC4RF,354,1E,102,2,NA,NC,2,NA
AC4YD,1512,3A,433,2,NA,KY,14,Winchester Pioneer ARC
AC5VF,56,1B1C,3,2,NA,NTX,1,NA
AC6P,1420,2A,405,2,NA,SCV,23,UCSC ARC
AC6TU,150,1D,25,2,NA,LAX,1,NA
AC7CJ,486,1B1,18,2,NA,EWA,1,NA
AC7KY,372,1AC,111,2,NA,STX,8,NA
AC7QJ,445,1B1B,39,5,NA,UT,1,NA
AC7U,3432,3A,1005,2,NA,AZ,7,NA
AC8AI,68,1C,9,2,NA,IN,1,NA
AC8GS,490,1B2B,28,5,NA,OH,2,NA
AC8IE,1606,4A,316,2,NA,OH,25,NA
AC8OE,145,1E,19,5,NA,WV,1,NA
AC8RC,260,5A,45,2,NA,MI,15,Allegan Co ARC
ACŘE,154,1D,26,2,NA,KS,1,NA
ACŘMU,860,2A,55,2,KTŘKT,CO,30,Denver North Stake
AD1L,1154,1E,443,2,NA,WMA,1,NA
AD1N,230,1C,40,2,NA,AZ,1,NA
AD5SR,154,1D,52,2,NA,OK,1,NA
AD5XR,236,1D,186,1,NA,MS,1,NA
AD6AF,78,1E,14,2,NA,LAX,1,NA
AD6IZ,882,2A,166,2,NA,LAX,15,Crescenta Valley RC / Glendale Em Aux Radio Service
AD6Q,828,2B2,134,2,NA,NC,2,NA
AD7AW,734,3A,42,2,NA,WWA,4,West Wash Med Svcs Emer Comm Dist-
AD7BF,342,1B2,46,2,NA,WWA,2,NA
AD7GU,90,1D,20,2,NA,SJV,1,NA
AD7IC,524,1A,137,2,NA,OR,3,Maxims Old Men
AD7MC,228,1D,35,2,NA,WWA,1,NA
AD7MQ,260,1E,53,2,NA,MT,1,NA
ADŘCZ,670,2B2B,23,5,NA,MN,2,NA
ADŘEN,276,2E,13,2,NA,IA,3,NA
AE2MS,70,1D,35,2,NA,WNY,1,NA
AE2NG,94,1D,22,2,NA,WNY,1,NA
AE5EE,1370,2F,32,5,NA,AR,2,NA
AE5GT,4062,1E,978,2,NA,STX,1,NA
AE5KA,390,1B1B,24,5,NA,OK,1,NA
AE5KJ,350,1C,100,2,NA,STX,1,NA
AE5MM,754,1E,151,2,NA,OK,1,NA
AE6C,3122,1A,658,2,NA,SV,4,Neurosa Gopher Munchers
AE6FD,702,2B2,176,2,NA,SJV,2,NA
AE7DW,165,1B1B,3,5,NA,AZ,1,NA
AE7WE,230,1E,90,2,NA,MS,1,NA
AE9U,1956,3A,532,2,NA,MI,18,Elkhart ARC
AF2C,2818,5F,507,2,NA,NFL,31,NA
AF4O,1505,1B1B,106,5,NA,TN,1,NA
AF5AW,982,4A,52,2,NA,AR,10,Miller Co. ARES
AF5B,2285,1E,222,5,NA,NTX,1,NA
AF5BZ,205,1E,105,1,NA,AR,1,NA
AF5FH,26,1D,8,2,NA,NM,1,NA
AG2J,2182,1E,533,2,NA,SNJ,1,NA
AG6AN,662,1D,296,2,NA,LAX,1,NA
AG6AU,2532,7A,520,2,NA,SV,34,NA
AG6IP,488,1B1,111,2,NA,SV,1,NA
AH6SZ,38,1D,19,2,NA,PAC,1,NA
AI4QR,800,1D,218,2,NA,AL,3,NA
AI5M,1472,2A,226,2,NA,STX,28,Sam Houston ARK
AJ4A,8306,6A,2704,2,NA,KY,18,Central KY ARS
AJ4BB,438,1B1,94,2,NA,SC,1,NA
AJ4EY,386,1E,68,2,NA,VA,1,NA
AJ4IR,1344,4F,565,2,NA,SFL,13,NA
AJ4UU,76,1B1,13,2,NA,AZ,1,NA
AJ5Q,648,2D,139,2,NA,OK,10,NA
AJŘEB,152,1C,1,2,NA,NNY,1,NA
AK4BH,1215,1B1B,107,5,NA,SC,1,NA
AK4I,980,2AC,165,2,NA,GA,4,GREAT Club
AK4LZ,505,1B2B,37,5,NA,SFL,2,NA
AK4OH,438,1B1,94,2,NA,VA,1,NA
AK4QU,992,1E,248,2,NA,TN,1,NA
AK6D,904,4A,127,2,NA,ORG,4,Ojisantachi
AK7AT,1510,2E,274,2,NA,ID,2,NA
AK9D,6440,4A,1846,2,WGŘTA,MO,32,Dog Hollow Contest Group
AL1G,405,1D,205,1,NA,AK,1,NA
BŘGUS,100,1B2B,5,5,NA,CT,2,NA
DL1QQ,90,1D,90,1,NA,DX,1,NA
JA3JM,66,1D,4,2,NA,DX,1,NA
K1AA,4788,9F,1062,2,NA,NFL,51,Orlando ARC
K1AOM,550,3AC,236,2,NA,ME,8,Radio Adventurers of ME
K1BKE,9734,4A,3380,2,K1DFQ,NH,37,Contoocook Valley RC
K1BZ,258,1D,194,1,NA,MDC,1,NA
K1CRC,994,3A,247,2,NA,CT,16,Insurance City Repeater Club
K1DFT,3615,1F,354,5,NA,ME,4,NA
K1DW,5890,1E,1385,2,NA,LA,2,NA
K1ECT,504,2A,61,2,W1HEN,CT,7,Ellington CERT Team
K1EEE,3308,1E,1076,2,NA,NH,3,NA
K1EME,2712,2A,418,2,AB1SX,NH,54,Littleton Area Radio Klub
K1FS,1452,3A,356,2,NA,ME,32,Aroostook ARA
K1FUN,66,1D,4,2,NA,STX,1,NA
K1GGI,1426,1C,319,2,NA,EMA,1,NA
K1GTK,52,1D,26,2,NA,MO,1,NA
K1JCR,248,1E,74,2,NA,NH,1,NA
K1JNX,104,1E,2,2,NA,LA,2,NA
K1LHO,82,1D,8,2,NA,CT,1,NA
K1MAZ/M,142,1C,21,2,NA,NC,1,NA
K1MBO,470,1B1B,32,5,NA,RI,1,NA
K1MK,2978,1E,677,2,NA,WMA,4,NA
K1MUJ,4692,3A,1204,2,K1AGL,CT,20,Eastern CT ARA
K1NV,166,1D,51,2,NA,SV,1,NA
K1OS,370,1A,85,2,NA,RI,5,"Ocean State ARG, Inc."
K1PDY,1520,1B1B,117,5,NA,NH,1,NA
K1PQ,1900,2F,314,2,WA1JMM,ME,11,NA
K1QW,154,1D,26,2,NA,STX,1,NA
K1R,6970,1AB,631,5,NA,ME,18,NA
K1RK,8048,2A,2200,2,W1HQH,EMA,43,Falmouth ARA
K1SD,408,1E,79,2,NA,RI,1,NA
K1SV,3140,2A,900,2,WT1B,VT,20,Southern VT ARC
K1TN,687,1E,321,1,NA,WI,1,NA
K1WVO,494,1D,172,2,NA,NH,1,NA
K1ZZ,562,1B1,103,2,NA,ME,1,NA
K2AA,13224,6A,3815,2,W2EA,SNJ,50,South Jersey RA
K2AE,4346,5A,943,2,W2XAD,ENY,20,Schenectady ARA
K2AVI,236,1E,43,2,NA,WWA,1,NA
K2B/W2HRW,918,2A,91,2,NA,SNJ,15,Shore Points ARC
K2BAR,6826,5A,1878,2,KD2CMS,NNJ,54,Bergen ARA
K2BR,4480,5F,1001,2,NA,SNJ,27,NA
K2CC,464,1A,157,2,NA,NNY,8,NA
K2CMH,26,1D,13,2,NA,GA,1,NA
K2CT,6874,3A,1981,2,KM2O,ENY,35,NA
K2CYE,392,1D,86,2,NA,ENY,1,NA
K2DLL,3716,3A,1034,2,NR2J,ENY,25,Saratoga Co ARA
K2DLS,110,1D,30,2,NA,NNY,1,NA
K2DS,2868,2F,862,2,KMŘSI,WCF,25,NA
K2DV,92,1D,46,2,NA,WNY,2,NA
K2DXU,2024,2A,556,2,NA,ENY,15,The Happy Hams
K2GE,1422,2F,189,2,NA,NNJ,14,NA
K2GG,3378,3AC,812,2,NA,NNJ,23,Splitrock ARA
K2HVE,32,1D,32,1,NA,NNJ,1,NA
K2IQ,1284,2A,198,2,NA,WNY,8,Utica ARC
K2IWR,2108,3A,508,2,NA,WNY,19,Skyline ARC
K2JJI,3104,5A,531,2,KB2TJE,NNY,30,Tryon AR
K2KGJ,1860,1E,161,5,NA,ENY,1,NA
K2KI,1362,2A,253,2,NA,VT,14,St Albans ARC
K2MK,1037,1D,500,1,NA,SNJ,1,NA
K2NJ,14500,3F,3970,2,W2CG,NNJ,21,NA
K2OGT,1306,1E,264,2,NA,EPA,1,NA
K2PUT,1598,3A,202,2,NA,ENY,29,Putnam Am Em Rep League
K2QR,890,1AB,24,5,NA,WNY,4,NA
K2QS,5798,3A,1218,2,WK2T,ENY,19,QSY Society
K2TD,2964,3F,681,2,AK2S,SNJ,37,NA
K2TTM,364,1D,91,2,NA,NLI,1,NA
K2ULR,305,1B1B,16,5,NA,EPA,1,NA
K2UNI,130,1B2,40,2,NA,ENY,2,NA
K2VK,292,2D,63,2,NA,NNJ,4,NA
K2VN,9186,4A,2573,2,NA,NLI,42,NA
K2WNY,3060,1B2B,257,5,NA,WNY,2,NA
K2YG,4220,1AB,388,5,NA,NNJ,4,Why Gee ARG
K2YNT,1454,2A,402,2,NA,NNJ,9,NA
K2ZV,2166,2F,487,2,KB2LAV,NNJ,12,NA
K3AE,3100,4A,760,2,NA,EPA,37,Southern PA Com Group
K3ARS,1428,4A,127,2,NA,MDC,9,Kent ARS
K3BYU,270,1B1B,34,5,NA,WWA,1,NA
K3CAL,2392,4A,565,2,KC3ADG,MDC,30,Calvert ARA
K3CF,2692,4A,555,2,NA,MDC,25,CBRA & SLRC
K3CSG,3108,3A,619,2,NA2T,EPA,19,Scranton-Pocono AR Klub
K3DN,5312,4A,1661,2,NA,EPA,39,Warminster ARC
K3EE,4534,5A,1057,2,NA,MDC,23,Garrett Co ARES
K3EMD,4940,3A,1337,2,W3ATA,MDC,30,Easton ARS
K3ERA,1886,3A,287,2,KI3DS,MDC,20,PGCARES
K3FI,1794,3A,386,2,NA,EPA,12,Holmesburg ARC
K3GHH,270,1C,55,2,NA,MDC,1,NA
K3GT,2154,3A,529,2,NA,WPA,4,Middlesex FD Group
K3HH,1174,1A,270,2,NA,MDC,3,Hanburger's Helpers ARC
K3ICH,325,1B1B,35,5,NA,VA,1,NA
K3IEC,1358,3AC,334,2,NA,EPA,18,Cumberland ARC
K3IR,4610,4A,1002,2,NA,EPA,22,So PA ARC
K3KU,1144,1D,314,2,NA,MDC,8,NA
K3LGM,310,1B1,80,2,NA,NTX,1,NA
K3MAF,86,1D,18,2,NA,VA,1,NA
K3MJW,5898,4E,1638,2,NA,WPA,11,NA
K3NEM,3080,3A,728,2,W3GR,MDC,10,ARCNEM
K3ONW,1522,1C,368,2,NA,EPA,1,NA
K3OQ,342,1D,219,1,NA,MDC,4,NA
K3ORS,584,1E,167,2,NA,TN,1,NA
K3PG,2248,5A,301,2,NA,MDC,12,Queen Anne Co ARC
K3PT,5036,2A,1417,2,W3QJ,DE,15,The 1900 Club
K3PZN,7460,8A,2231,2,NA,MDC,22,Carroll Co ARC
K3QBD,2338,1A,508,2,NA,DE,15,First State ARC
K3QY,948,2A,289,2,NA,WPA,30,Fort Armstrong Wireless Assn
K3SMD,1418,3A,197,2,NA,MDC,27,Charles CO ARC
K3SMT,1576,4A,474,2,NA,WPA,21,Somerset Co ARC
K3TAR,642,1A,246,2,NA,EPA,9,NA
K3TN,960,1B2B,61,5,NA,MDC,2,NA
K3TVC,130,1D,40,2,NA,EPA,1,NA
K3TW,1000,1B1B,45,5,NA,NFL,1,NA
K3UA,546,1D,124,2,NA,WPA,1,NA
K3VED,130,1D,65,2,NA,WPA,1,NA
K3WGR,820,1B1,176,2,NA,EPA,1,NA
K3WW,1926,1D,469,2,NA,EPA,1,NA
K3YTL,7138,4A,2083,2,W3MTP,EPA,33,Murgas ARC
K3ZZ,6970,2B2B,835,5,NA,MDC,2,NA
K4A,2640,5A,708,2,NA,NC,15,Isothermal ARC
K4ACW,2042,2A,464,2,NA,GA,34,Jasper RC
K4AEN,980,1C,210,2,NA,VA,2,NA
K4AMQ,552,1D,168,2,NA,TN,1,NA
K4BCH,2240,2A,524,2,NA,NC,10,Pamlico ARC
K4BFT,15476,4A,4347,2,NA,AL,60,HARC
K4BKV,3476,3A,510,2,NA,NFL,11,Hernando Co ARA
K4BSK,2046,1E,450,2,NA,VA,1,NA
K4BT,3084,4A,896,2,NA,NFL,56,Orange Park ARC
K4BV,1378,2AC,329,2,NA,NFL,50,VARES / DBARA
K4BW,2028,2A,505,2,NA,VA,20,Eastern Shore ARC
K4CME,3188,4A,900,2,KK4EQF,WCF,4,NA
K4CO,2674,5A,600,2,KY4DH,KY,37,NA
K4CPO,2662,3A,615,2,WA4VGZ,TN,37,Nashville ARC
K4CQ,6980,2A,1787,2,KV4MW,VA,70,Lynchburg ARC
K4CXS,482,2A,110,2,NA,GA,5,NA
K4D,1188,2A,143,2,KK4JQG,GA,23,DCARES
K4DAE,2068,1A,1009,2,NA,NFL,3,SSRC
K4DJ,762,1D,178,2,NA,NC,1,NA
K4EG,4220,2A,1025,2,W4VGZ,NC,42,Alamance ARC
K4EX,1582,2AC,413,2,NA,WCF,28,East Pasco ARS
K4FC,15954,7A,4937,2,N4FLA,NFL,61,Lake ARA
K4FQU,11798,3A,3717,2,NA,NC,7,Carolina Contest Consortium
K4FTO,406,1D,104,2,NA,VA,1,NA
K4GAR,740,2F,73,2,NA,GA,32,NA
K4GNV,1706,3A,405,2,NA,NFL,16,Gainesville ARS
K4GOP,204,1D,77,2,NA,NFL,1,NA
K4GSO,1598,3A,252,2,NA,NFL,20,Silver Springs RC
K4GVA,1344,4A,174,2,NA,VA,22,King George AR Op
K4H,1966,2A,438,2,KK4RVE,TN,6,High Forest ARC
K4HRS,3756,2A,1449,2,NA,SFL,10,Harris-Intersil ARC
K4HY,3568,3A,786,2,NA,KY,20,Owensboro ARC
K4II,3728,2A,952,2,NA,SC,35,Spartanburg ARC
K4IJK,88,1D,19,2,NA,RI,1,NA
K4JAZ,526,1B1,94,2,NA,AL,1,NA
K4JJ,11574,4A,3761,2,NF4GA,GA,205,No Fulton ARL
K4K,810,2A,74,2,NA,KY,22,River Cities ARA
K4KNS,1768,2AC,278,2,WE4GW,GA,7,Columbia Co ARC
K4KPN,220,1A,10,2,NA,KY,3,KYPN
K4L,568,5AC,171,2,NA,TN,28,Short Mtn Repeater Club
K4LKL,4676,4A,1184,2,NA,WCF,51,Lakeland ARC
K4LKW,1180,2A,115,2,NA,WCF,20,Lake Wales Rep Assn
K4LRG,17392,5A,5421,2,K5NOB,VA,178,Loudoun ARG
K4MN,6044,2A,1397,2,K4KMI,NC,20,Cape Fear ARS
K4MSU,2646,2A,415,2,W4GZ,KY,25,Murray St Univ ARC
K4MTI/M,7740,1C,764,5,NA,NFL,1,NA
K4MVA,1536,1A,433,2,NA,VA,25,Patrick Henry ARA
K4NAB,5018,4A,1433,2,KK4AMJ,SC,40,NA
K4NGA,854,1AC,382,2,NA,GA,7,North Georgia VHF Soc
K4NRC,6374,3A,1811,2,NA,GA,39,Bill Gremillion Memorial RC
K4NVA,9736,4A,2662,2,NQ4K,VA,25,Sterling Park ARC
K4OGB,1112,2A,90,2,NA,NC,11,Stanly CO ARC
K4OO,8752,2A,2639,2,NA,NC,14,Smith Chart ARS
K4PAR,1176,2A,183,2,NA,GA,14,Piedmont ARES
K4PED,14,1D,14,1,NA,AZ,1,NA
K4PJ,3340,2F,727,2,NA,TN,50,NA
K4PMH,3774,1A,933,2,NA,VA,13,Page Valley ARC
K4PMT,310,1B2,40,2,NA,NFL,2,NA
K4R,3068,8A,715,2,AE4XO,GA,75,MGRA/CGARC
K4RAN,3420,3A,966,2,NA,AL,8,Randolph Co ERC
K4RC,6532,2A,1967,2,AK4WL,VA,46,Williamsburg Area ARC
K4RDU,2670,1B1B,257,5,NA,VA,1,NA
K4RET,890,1AB,139,5,NA,VA,3,Tick Bite Trio
K4RFT,4232,3A,833,2,N4MJ,TN,11,Reelfoot ARC
K4RIV,326,1E,88,2,NA,VA,1,NA
K4RLK,278,2A,39,2,NA,NFL,20,Citrus Co. FL CERT
K4SV,4184,1A,1465,2,NA,SC,15,Greer ARC
K4TAK,262,2D,29,2,NA,TN,1,NA
K4TG,1718,2F,326,2,KY4LAW,KY,22,Anderson RC
K4TLH,5298,2A,1403,2,N4PIH,NFL,51,Tallahassee ARS
K4TN,4434,3A,1012,2,WJ4G,WCF,30,Brandon ARS
K4TNS,1564,2A,289,2,W4WE,AL,9,Jim Bell Wireless Assn
K4TS,7850,6A,1885,2,AA2FD,VA,56,Rappahannock Valley ARC
K4UCF,702,2A,38,2,NA,NFL,5,ARC at UCF
K4VRC,3642,2A,768,2,N4FP,NFL,35,The Villages ARC
K4VV,522,1D,123,2,NA,VA,2,NA
K4W,3672,5A,760,2,W4CBS,WCF,30,NA
K4WAK,2734,2A,559,2,NA,NFL,6,NA
K4WD,2072,2F,355,2,NA,SC,24,NA
K4WO,1828,3A,534,2,NA,NC,38,Albemarle ARS
K4WOC,1376,4A,225,2,NA,GA,10,NA
K4WW,3250,1E,1000,2,NA,KY,1,NA
K4XY,7238,4A,1830,2,K4HTA,VA,95,Vienna Wireless Soc
K4YTZ,2440,2A,514,2,NA,SC,30,NA
K4ZK,2112,2A,490,2,WX4MC,SFL,30,MCARES
K5AB,1500,1B1B,140,5,NA,STX,1,NA
K5ABI,1205,3F,526,1,KC5OLO,WTX,38,NA
K5AWC,535,1AB,27,5,NA,STX,31,NA
K5AXW,3765,1AB,416,5,NA,STX,7,Los Chupacabraderos
K5BAY,1008,4F,243,2,NA,STX,13,NA
K5BED,2230,3A,461,2,NA,NTX,22,Bedford ARC
K5BS,786,1A,42,2,NA,STX,20,Tidelands ARS
K5BWD,1674,3A,251,2,KE5UDM,NTX,12,Brownwood ARC
K5C,616,3AC,139,2,NA,OK,25,Pottawatimi ARC/South East Oklahoma  ARES
K5CAO,1690,1B1B,164,5,NA,SV,1,NA
K5DCM,270,1E,34,5,NA,AR,1,NA
K5DE,286,1D,97,2,NA,MS,1,NA
K5EEE,592,1D,221,2,NA,SFL,1,NA
K5EOK,9300,3A,2810,2,WB5GCX,OK,68,Edmond ARS
K5EPH,430,1F,115,2,NA,NTX,8,Athens ARC
K5FD,6768,2A,1936,2,AD5BB,WTX,15,Big Bend ARC
K5GCC,1638,2AC,413,2,NA,NTX,27,NA
K5GOE,1050,1A,250,2,NA,AR,10,NA
K5GVL,2506,6A,373,2,NA,NTX,18,Sabine Valley ARA
K5HAL,254,1B1,52,2,NA,EPA,1,NA
K5JEF,61,1D,11,1,NA,AR,1,NA
K5JJR,496,1B1C,173,2,NA,NTX,1,NA
K5JVL,250,2AC,50,2,NA,NTX,6,Cherokee Co ARC
K5KDX,1652,1D,826,2,NA,AR,2,NA
K5KMS,695,1B1B,109,5,NA,NTX,1,NA
K5LBK,1202,2A,116,2,KF5QIS,WTX,15,NA
K5LET,1216,3F,315,2,NA,NTX,27,NA
K5LIB,1528,2A,389,2,KS5Z,WTX,21,NA
K5MDX,8898,3A,2593,2,W5NO,MS,27,Great Southern DX Assn / Magnolia DX Assn
K5NE,2252,1A,511,2,NA,AR,15,Benton ARS
K5NEA,1234,3AC,342,2,NA,AR,10,NE AR RC
K5NLX,142,1B1,21,2,NA,AR,1,NA
K5NRH,3140,4A,708,2,W5HP,NTX,45,North Richland Hills ARC
K5OUR,2334,2A,337,2,KC5OUR,NM,74,Valencia Co ARA
K5PRK,2638,4A,700,2,K5LRK,NTX,100,Plano ARC
K5PXP,8290,4A,2379,2,W5QC,AR,15,Arkansas River Valley AR Foundation
K5QHD,3112,2A,580,2,KF5FWK,NTX,46,NA
K5RKW,2974,3A,1000,2,NA,NTX,25,Rockwall ARC
K5RWK,994,1A,214,2,NA,NTX,23,Richardson Wireless Klub
K5RWP,476,1E,144,2,NA,NTX,1,NA
K5S,2294,3A,403,2,KF5NBO,NTX,21,Sachse ARA
K5SAR,6438,3E,2328,2,NA,LA,32,NA
K5SLD,3644,3A,888,2,N5ACK,NTX,50,NA
K5SS,878,1D,207,2,NA,NTX,1,NA
K5SST,1402,4A,166,2,NA,NTX,20,HCARC/RARA
K5T,418,4AC,122,2,NA,STX,6,Coyote ARC
K5TRO,4064,2A,1199,2,N5QBU,NTX,11,Mills CO ARC
K5TYR,2604,2A,576,2,NA,NTX,63,Tyler ARC
K5UZ,16862,2A,4953,2,KD5J,AR,10,Batesville ARC
K5VFD,312,1F,131,2,NA,STX,6,NA
K5VHH,236,1C,68,2,NA,STX,1,NA
K5WA,8308,1A,2392,2,NA,STX,8,Tilson CC
K5WI,370,1B1B,12,5,NA,NTX,1,NA
K5WL,68,1C,9,2,NA,NTX,1,NA
K5WPH,3716,4E,964,2,NA,WTX,45,NA
K6AA,5544,3A,1236,2,NA,LAX,27,United Radio Amateur Club
K6AGF,2858,3A,633,2,KK6CRP,ORG,20,Tri Co ARA
K6AM,6272,1E,1802,2,NA,SDG,2,NA
K6ASK,2858,3A,633,2,KK6CRP,ORG,20,Tri-Co ARA
K6BB,2410,7A,506,2,NA,ORG,22,Big Bear ARC
K6BSD,76,1D,13,2,NA,ORG,1,NA
K6CAW,566,2A,156,2,NA,NV,3,Silver Tipped Rats
K6CCR,2614,3F,495,2,W1MJH,LAX,43,NA
K6CLX,1254,2AC,502,2,NA,SDG,11,Calexico ARS
K6CME,992,2F,171,2,NA,SJV,8,NA
K6CSL,634,1D,146,2,NA,SJV,1,NA
K6CU,680,1B1B,53,5,NA,ORG,1,NA
K6EAG,1066,3A,172,2,NA,EB,9,Hayward RC
K6EI,18885,9AB,1988,5,W6ZZZ,SCV,30,West Valley ARA
K6EMI,2334,2A,650,2,NA,ORG,5,DNB ARC
K6GRL,98,1D,49,2,NA,SCV,1,NA
K6III,154,1D,52,1,NA,SV,1,NA
K6KP,1170,3F,90,2,WA2KDX,SCV,19,NA
K6KQV,1070,1E,246,2,NA,SCV,1,NA
K6KR,66,1D,8,1,NA,WWA,1,NA
K6KS,510,1B1,80,2,NA,SV,1,NA
K6LI,2166,4A,388,2,K6LI,EB,50,North Bay ARA
K6LL,4150,1E,1000,2,NA,AZ,2,NA
K6LRN,958,1D,202,2,NA,SV,1,NA
K6MA,2302,1A,494,2,NA,LAX,50,Los Angeles ARES NW District
K6MAN,604,3F,221,2,NA,SJV,15,NA
K6MEP,1836,8A,300,2,NA,SB,10,Ventura Co. ARC
K6MI,10630,2AB,1043,5,NA,SCV,8,Chew's Ridge Gang
K6MMM,4988,3A,1190,2,N6OTA,SCV,82,San Lorenzo Valley ARC
K6MUG,68,1D,9,2,NA,LAX,1,NA
K6NBR,1578,2A,319,2,NA,ORG,25,Newport Beach Repeater Club
K6NV,7554,2A,1924,2,NA,SV,8,NCCC Sierra Chapter
K6NW,3768,1A,1388,2,NA,SJV,7,RAA/BVSARC
K6OAU,1592,4A,521,2,NA,SJV,8,Outfoor Adventure USA
K6ORI,850,3A,120,2,NA,EB,10,Lamorinda Radio Interest Group
K6OX,2210,6A,513,2,K6A,LAX,12,Antelope Valley ARC
K6PAC,1272,5A,268,2,NA,SV,32,Western Placer ARC
K6PDQ,734,1B1,192,2,NA,SB,1,NA
K6PLU,658,2E,155,2,NA,SV,6,NA
K6PV,4248,2A,1157,2,AI6DF,LAX,36,Palos Verdes ARC
K6QLF,1414,3A,111,2,KF6UVB,EB,18,ARC of Alameda
K6QM,2754,6A,666,2,NA,SDG,12,South Bay ARS
K6QWR,1202,3A,148,2,NA,ORG,20,Victor Valley ARC
K6RB,1482,1E,358,2,NA,SCV,1,NA
K6RHB,465,1B1B,33,5,NA,SB,1,NA
K6SA,8102,2A,2242,2,K6NN,SCV,15,SARA
K6SB,870,1D,205,2,NA,SB,5,NA
K6SEE,2754,7F,456,2,NA,SDG,40,NA
K6SHS,124,1D,62,2,NA,SV,4,NA
K6SIS,2306,4A,573,2,NA,SV,6,NA
K6SOA,5758,3A,1667,2,K6WO,ORG,147,South Orange ARA
K6SON,2980,3A,509,2,W6SON,SF,45,Sonoma Co Radio Amateurs
K6TUO,1650,5A,350,2,NA,SJV,6,TCARES
K6TY,1090,1E,160,2,NA,LAX,3,NA
K6VDU,362,1E,66,2,NA,SV,1,NA
K6VT,2870,4A,955,2,NA,SV,9,High Sierra FD Group
K6WAE,822,2A,182,2,NA,SCV,22,Fort Ord ARC
K6WC,1755,1B2B,125,5,NA,SCV,2,NA
K6WCC,2820,1A,719,2,NA,SB,3,Wasteland Com Corp
K6YA,3662,3A,932,2,W6DLF,SCV,60,NA
K7A,2900,1B2,524,2,NA,MT,2,NA
K7AUO,1176,1A,418,2,NA,WWA,3,TERAC
K7BTC,782,4A,65,2,NA,WWA,13,Bates ARC
K7CCH,2040,4A,312,2,NA,OR,37,NA
K7CEM,2692,6F,561,2,NA,WWA,31,NA
K7CST,1872,4A,394,2,N7MU,WWA,29,Kent Com Support Team
K7CVO,986,4A,49,2,NA,OR,19,Benton Co ARES
K7DNH,242,1B1C,242,1,NA,NV,1,NA
K7DPS,590,2F,141,2,NA,AZ,7,NA
K7EA,1678,1E,382,2,NA,UT,1,NA
K7EFA,1540,2A,232,2,WN7Y,MT,35,Yellowstone RC
K7EIQ,310,1D,65,2,NA,EWA,1,NA
K7FDF,560,2A,55,2,NA,WWA,5,NA
K7GGG,3132,1B2,959,2,NA,AZ,2,NA
K7HXI,176,1B1,13,2,NA,OR,1,NA
K7HZ,670,1B2B,42,5,NA,OR,2,NA
K7IA,2614,1E,566,2,NA,NM,1,NA
K7ID,1326,2D,318,2,NA,ID,21,NA
K7IOC,848,1E,399,2,NA,WWA,1,NA
K7IP,68,1D,8,2,NA,WWA,1,NA
K7JEO,664,1B1,207,2,NA,UT,1,NA
K7JEP,880,4A,95,2,NA,ID,24,Bonner Co ARC
K7JKM,62,1D,31,2,NA,OR,1,NA
K7JQ,121,1D,50,1,NA,AZ,1,NA
K7JSC,292,1E,21,2,NA,UT,1,NA
K7JSG/AG,152,1E,1,2,NA,WWA,1,NA
K7KHC,796,1B1,207,2,NA,MT,1,NA
K7KO,2376,2A,490,2,KF7IBN,OR,9,Rogue RF Project
K7LED,15822,6A,4963,2,AE7G,WWA,65,Mike & Key ARC
K7LHC,1470,2A,206,2,NA,AZ,11,London Bridge ARA
K7LIX,1120,2A,230,2,NA,OR,31,Southern Oregon ARC
K7LWH,2234,4E,406,2,NA,WWA,29,NA
K7MAR,1602,3F,178,2,NA,OR,13,NA
K7MPR,2754,5A,605,2,KE7RC,AZ,15,Mohave ARC
K7MTW,707,3A,243,1,NA,EWA,3,Mountain Wave Em Comm
K7NEW,542,1E,124,2,NA,WWA,1,NA
K7NKH,636,2F,53,2,NA,NV,9,NA
K7NS,870,1B1B,67,5,NA,UT,1,NA
K7NWS,2824,3F,593,2,NA,WWA,24,NA
K7PIR,304,1A,77,2,NA,AZ,3,Team PIR
K7QFE (+W7NVR),336,2B2,68,2,NA,OR,2,NA
K7RA,148,1C,33,2,NA,WWA,1,NA
K7RDG,7328,3F,1644,2,W7SVD,AZ,40,NA
K7RF,1458,1B2,387,2,NA,OR,2,NA
K7RFW,598,1E,87,2,NA,UT,1,NA
K7RQN/Ř,106,1E,3,2,NA,CO,1,NA
K7SDX,1358,2A,369,2,NA,EWA,25,Spokane DX Assn / PARC
K7SEX,456,1D,140,2,NA,WWA,1,NA
K7SI,1770,4AB,172,5,NA,ID,10,NA
K7TD,3906,1E,939,2,NA,CO,2,NA
K7TR,386,1E,118,2,NA,AZ,1,NA
K7UAZ,96,1D,48,2,NA,AZ,1,NA
K7UB,2434,3A,643,2,NA,UT,25,Golden Spike ARC
K7UGE,934,3A,223,2,NA,NV,40,Las Vegas ARC
K7UM,11122,6A,3589,2,AD7KG,UT,35,Utah DX Assn
K7VBY,70,1D,5,2,NA,OR,1,NA
K7VK,1034,1B2,172,2,NA,MT,2,NA
K7VO,1712,1C,731,2,NA,WWA,1,NA
K7YB,902,1B2,240,2,NA,MT,2,NA
K8BF,9526,4A,3035,2,WB8LCD,OH,136,PCARS
K8BLP,2876,4A,662,2,AC8JB,OH,8,Triangle ARC
K8BMI,3070,10A,560,2,NA,MI,37,Barry ARA
K8BRC,1444,4A,316,2,NA,MI,20,Black River ARC
K8BTU,2790,1D,685,2,NA,OH,1,NA
K8BXQ,2104,6A,487,2,NA,OH,12,NA
K8CAD,1160,3A,250,2,NA,MI,18,Wexaukee ARC
K8CY,5618,3A,1677,2,KD8PTE,OH,30,Ashtabula CO ARC
K8DAA,4030,6A,942,2,NA,MI,15,Holland ARC
K8DAC,1544,5A,108,2,NA,MI,20,Saginaw Valley ARA
K8DF,7056,3A,2070,2,K8TPH,WV,16,Stonewall Jackson ARA
K8EEN,5200,4A,1293,2,NA,OH,30,NA
K8EMA,2828,2A,622,2,KD8RLF,OH,23,Shelby Co ARES
K8EPV,748,1A,155,2,NA,MI,12,Eastern Michigan ARC
K8ER,2634,1B1,596,2,NA,MI,1,NA
K8ES,15458,4A,4391,2,W8JK,OH,56,Delaware ARA
K8ESQ,3534,3A,829,2,NA,MI,4,FPL Goup
K8ET,1850,1E,703,2,NA,MI,2,NA
K8FAY,1458,1F,284,2,NA,OH,10,NA
K8FC,1210,1B1B,106,5,NA,WNY,1,NA
K8GC,2596,6F,522,2,KD8TXP,MI,15,NA
K8GG,3974,1D,956,2,NA,MI,2,NA
K8GQB,1656,3F,145,2,NA,OH,11,NA
K8HRC,922,3AC,191,2,NA,MI,25,Hillsdale Co ARC
K8KRG,2276,5A,506,2,NA,OH,23,Northern OH ARS
K8LHS,1276,2A,323,2,NA,MI,10,ARG of Youyh in Lowell
K8LL,388,3C,19,2,NA,OH,1,NA
K8NOW,1058,3A,180,2,NA,MI,5,Metropolitan ARC
K8OAR,2630,8A,513,2,NA,MI,26,Ogemaw Arenac ARS
K8OCB,2256,2A,614,2,NA,OH,4,NA
K8PI,6308,3A,1678,2,W8BLV,OH,42,Dial RC of Middletown
K8PL,1818,3A,299,2,NA,MI,15,Delta Co ARS
K8PXR,458,1E,179,2,NA,OH,1,NA
K8QIK,1144,3A,187,2,NA,OH,22,The Lancaster & Fairfield Co. ARC
K8QWY,4100,1B2B,405,5,NA,OH,2,NA
K8RJW,214,2D,82,2,NA,OH,2,NA
K8SCH,5964,3A,1855,2,W1SCR,OH,31,Oh-Ky-In ARS
K8SSJ,716,1A,89,2,NA,OH,4,USS Jurassic  (Star Trek & ARC)
K8SWD,1548,2A,430,2,NA,MI,3,NA
K8TKA,5126,7A,1139,2,KD8JMO,OH,65,20/9 Radio Club Inc
K8UNS,6364,4A,1960,2,NA,MI,53,LARC-FARL
K8UO,13020,15AB,1326,5,NA,MI,63,Utical Shelby Em Com Assn
K8VNQ,1388,2A,182,2,KD8MIV,WV,28,Mtn State Transmitters
K8YOJ,442,2A,46,2,NA,OH,15,Hamilton Co AR Public Service Corps
K8YXB,52,1D,13,2,NA,MI,1,NA
K8ZC,2080,3A,430,2,NA,OH,22,Tipp City ARG
K8ZT,2110,1B1B,199,5,NA,OH,1,NA
K9AKG,650,2AB,60,5,NA,WI,6,QCWA Chapter 162
K9AVE,168,1AC,59,2,NA,IL,5,IL Valley RA
K9BAR,2708,6A,590,2,NA,IL,30,Bolingbrook ARS
K9CEW,60,1C,5,2,NA,IL,1,NA
K9CT,7514,1E,1791,2,NA,IL,3,NA
K9DIY,2192,2A,300,2,K9SOU,IN,53,Bloomington ARC
K9DVB,92,1D,21,2,NA,WI,1,NA
K9ESV,4634,3F,1056,2,N4DSW,IL,25,NA
K9FOH,1730,1E,159,5,NA,IN,1,NA
K9HAM,1238,3AC,307,2,NA,IL,21,Lewis & Clark Radio Club
K9HD,1398,3A,367,2,NA,IN,7,Land of Lakes ARC
K9IDQ,40,1D,40,1,NA,IL,1,NA
K9ILS,1448,4A,295,2,NA,IL,21,Fulton Co ARC
K9IQP,5758,3F,1409,2,W9QL,IL,32,NA
K9IYP,816,2A,133,2,NA,IL,10,NA
K9JK,260,1C,20,5,NA,IL,1,NA
K9MCE,2310,4A,366,2,N9LQF,IL,18,NA
K9MEV,364,2B2,7,2,NA,IL,2,NA
K9NN,5238,2A,1377,2,NA,IN,15,Delaware ARA
K9NW,646,1D,163,2,NA,OH,1,NA
K9OM,4990,2E,1160,2,NA,WI,2,NA
K9OR,11552,3A,2984,2,K9RST,IL,115,North Shore RC
K9OZ,654,1E,151,2,NA,IL,1,NA
K9P,2770,3A,620,2,NA,IL,30,Peoria Area ARC
K9PMV,920,1D,223,2,NA,IL,1,NA
K9SG,541,1D,468,1,NA,IN,1,NA
K9SQG,27,1D,27,1,NA,OH,1,NA
K9UQN,2164,1D,524,2,NA,TN,1,NA
K9UW,5508,2F,1443,2,NA,WI,10,NA
K9WM,2894,1F,595,2,NA,IL,19,NA
KA1AMR,154,1E,27,2,NA,EMA,1,NA
KA1KNW,132,1C,16,2,NA,CT,1,NA
KA1PPV,118,1D,17,2,NA,CT,1,NA
KA1RFD,94,1D,11,2,NA,ME,1,NA
KA2BEO,778,1A,122,2,NA,SNJ,5,NA
KA2FHN,1340,1E,122,5,NA,WNY,1,NA
KA2IWK,176,1D,13,2,NA,WNY,1,NA
KA2OUO,1964,1B1,530,2,NA,MDC,1,NA
KA2QPG,2175,1AB,226,5,NA,WPA,10,PA Knightlites
KA3KSP,208,1C,54,2,NA,WPA,1,NA
KA5B,312,3AC,115,2,NA,NM,25,Eastern New Mexico ARC
KA5VZG,498,1B1,130,2,NA,TN,1,NA
KA6AMB,60,1D,5,2,NA,SCV,1,NA
KA6MLE,80,1D,15,2,NA,SB,1,NA
KA6QWY,215,1B1B,12,5,NA,IN,1,NA
KA7SPS,218,1D,42,2,NA,OR,1,NA
KA9FAJ,1348,3F,198,2,NA,IL,8,NA
KAŘEIC,230,1D,45,2,NA,KS,1,NA
KAŘP,66,1D,5,2,NA,MO,1,NA
KB1JJE,684,1F,67,2,NA,EMA,3,NA
KB1MKZ,452,2F,1,2,NA,EMA,6,NA
KB1RDE,1184,2F,114,2,NA,RI,7,NA
KB1T (+KB1RWI),390,1B2,110,2,NA,NH,2,NA
KB1UJS,484,1B2,110,2,NA,ME,2,NA
KB1WXC,170,1B1B,2,5,NA,EMA,1,NA
KB1ZBU,440,1B1B,38,5,NA,VT,1,NA
KB2GD,88,1D,19,2,NA,WNY,1,NA
KB2MN,1255,1E,101,5,NA,SNJ,1,NA
KB2URI,898,1E,113,2,NA,WNY,1,NA
KB3ANZ,102,1D,26,2,NA,MDC,1,NA
KB3CVD,910,4F,122,2,NA,MDC,8,NA
KB3GJT,68,1D,9,2,NA,EPA,1,NA
KB3HEV,1000,2F,241,2,NA,DE,5,NA
KB3INE,138,1D,44,2,NA,SC,1,NA
KB3LGO,390,1E,24,5,NA,WPA,1,NA
KB3LIX,1688,1D,415,2,NA,WPA,1,NA
KB3OZA,504,1B1,27,2,NA,EPA,1,NA
KB3SJQ,134,1D,21,2,NA,EPA,1,NA
KB3WIH,350,1B1,40,2,NA,EPA,1,NA
KB3WZT,300,2A,25,2,NA,WPA,3,NA
KB4CC,1470,2B2C,305,2,NA,GA,2,NA
KB4LHP,88,1D,19,2,NA,NFL,1,NA
KB4VC,110,1D,15,2,NA,WCF,1,NA
KB5ARC,1184,3F,242,2,NA,MS,15,NA
KB5EZ,886,1E,148,2,NA,AL,1,NA
KB5JO,500,1E,35,5,NA,STX,1,NA
KB5MAR,794,1F,102,2,NA,NTX,10,NA
KB5TX,3962,6A,983,2,N5SV,STX,25,Kendall ARS
KB5URQ,585,1E,485,1,NA,STX,1,NA
KB6A,350,1D,75,2,NA,ORG,1,NA
KB6EOC,2318,2F,548,2,NA,EB,12,NA
KB6PJU,755,1D,705,1,NA,SDG,1,NA
KB6UNC,638,1D,319,2,NA,UT,1,NA
KB7EEG,956,1E,399,2,NA,UT,1,NA
KB7HDX,328,1D,139,2,NA,EWA,1,NA
KB7YSY,370,1D,110,2,NA,AZ,1,NA
KB8U,892,1E,267,2,NA,MI,1,NA
KB8UHN,862,1B1,279,2,NA,OH,1,NA
KB9DVC,554,2A,135,2,NA,IL,3,York Pirates
KB9MZZ,1162,2A,103,2,NA,IN,8,Owen Co ARA
KB9O,118,1D,17,2,NA,IL,1,NA
KB9OFM,380,1A,65,2,NA,WI,3,NA
KB9OHY,1646,6A,249,2,NA,IN,11,Orange Co ARC
KB9UFG,86,1D,43,2,NA,IN,1,NA
KBŘHQM,700,1B1B,30,5,NA,KS,1,NA
KBŘNHW,1802,2A,426,2,NA,MO,4,Oak Grove Hamsters
KBŘQND,470,1B1B,12,5,NA,IA,1,NA
KBŘSMX,1694,3A,197,2,NA,NE,15,Plattsmouth ARC
KBŘSSR,2940,3A,1034,2,KŘESU,KS,23,Emporia ARS
KBŘTLL,1992,1A,746,2,NA,MO,25,Jefferson Cty ARC
KBŘYTO,376,1B1,13,2,NA,NE,1,NA
KC1EL,94,1D,22,2,NA,ME,1,NA
KC2AVO,500,2A,93,2,NA,NNY,10,MVARA
KC2ELS,214,1E,7,2,NA,OR,1,NA
KC2ELX,734,2E,182,2,NA,NNY,11,NA
KC2JRQ,190,1B2B,4,5,NA,NLI,2,NA
KC2MBV,422,1D,116,2,NA,NLI,1,NA
KC2PVM,286,1E,68,2,NA,NNJ,1,NA
KC2RC,1246,2A,202,2,NA,NLI,20,Kings Co RC
KC2RXS,150,1B1C,25,2,NA,ENY,1,NA
KC2WT,2612,2A,536,2,WC2FD,NNJ,38,Warren Tech RC
KC2WXZ,4,1D,2,2,NA,ENY,1,NA
KC2ZZO,1346,4A,193,2,NA,NNY,6,Bear Bait RC
KC3ARC,554,1A,123,2,NA,DE,20,Kent Co ARC
KC3M,1654,1D,401,2,NA,EPA,1,NA
KC3OQ,470,1E,160,2,NA,DE,2,NA
KC3Q,630,1D,145,2,NA,EPA,1,NA
KC4AA,1914,1AC,932,2,NA,GA,4,NA
KC4EM,2542,3F,431,2,K4ARO,TN,43,NA
KC4ERT,2222,4A,469,2,NA,NFL,20,Navarre CERT ARC
KC4IYD,116,1D,23,2,NA,OH,2,NA
KC4QYG,104,1D,20,2,NA,VA,1,NA
KC4TVZ,735,1D,685,1,NA,GA,1,NA
KC4UG,1422,2A,256,2,KK4QXJ,AL,18,West AL ARC
KC5HAV,158,1D,79,2,NA,STX,1,NA
KC5YWN,280,1D,115,2,NA,AR,1,NA
KC7CCL,218,1E,32,2,NA,EWA,3,NA
KC7DM,160,1B1B,6,5,NA,OR,1,NA
KC7KEY,1352,2A,249,2,NA,WWA,35,Maple Valley ARC
KC7LHV,140,1A,45,2,NA,ID,3,NA
KC7O,698,1B1,224,2,NA,ORG,1,NA
KC7WZL,200,1B1B,30,5,NA,ID,1,NA
KC7YE,40,1D,10,2,NA,WWA,1,NA
KC7Z,2334,3A,521,2,K7SQD,WWA,23,North Kitsap ARC
KC8ACO,140,1D,70,2,NA,MI,3,NA
KC8CNN,1374,2A,321,2,NA,MI,12,Tuscola Co ARA
KC8KVA,116,1D,33,2,NA,WV,1,NA
KC8SQC,930,1E,78,5,NA,MI,1,NA
KC8UR,1236,1E,284,2,NA,OH,1,NA
KC8WIT,925,2F,222,1,NA,OH,20,NA
KC9AOP,640,1E,156,2,NA,IL,1,NA
KC9KQ,2246,2A,398,2,NA,WI,23,Hidden Valley ARC
KC9KRB,182,1C,16,2,NA,IL,1,NA
KC9OLF,1530,5A,182,2,NA,IN,20,Tri-County Hams
KC9QPM,304,1B1C,127,2,NA,IL,1,NA
KC9SNI,394,1E,122,2,NA,IL,1,NA
KC9VID,774,1F,11,2,NA,IL,8,NA
KCŘIHJ,548,1A,149,2,NA,MN,8,SMARC
KCŘINP,820,1B1B,69,5,NA,MN,1,NA
KCŘVEP,1010,1E,69,5,NA,NE,1,NA
KD2AJN,265,2AB,31,5,NA,WNY,3,NA
KD2AMC,74,1D,2,2,NA,ENY,1,NA
KD2CPX,1894,2A,383,2,K2MJC,NNY,23,Thousand Islands Repeater Club
KD2JC,2320,1B1B,207,5,NA,NNJ,1,NA
KD3SB,226,1D,113,2,NA,WPA,1,NA
KD4CX,278,1E,39,2,NA,WCF,1,NA
KD4NEM,248,1D,124,2,NA,VA,1,NA
KD4QMY,124,1D,37,2,NA,GA,1,NA
KD4YDC,248,1D,99,2,NA,GA,1,NA
KD5C,8568,3A,1928,2,W5QGG,WTX,32,Midland ARC
KD5DLZ,282,1B1,66,2,NA,OK,1,NA
KD6WKY,448,1B1,92,2,NA,EB,1,NA
KD7ADH,392,1D,171,2,NA,EWA,1,NA
KD7EJI,444,2E,54,2,NA,WWA,2,NA
KD7HHW,394,1D,83,2,NA,UT,4,NA
KD7JS,72,1E,11,2,NA,OR,1,NA
KD7MSC,988,1E,255,2,NA,OR,1,NA
KD7UIY,328,1E,39,2,NA,VA,1,NA
KD7WAE,96,1D,23,2,NA,MT,1,NA
KD7ZQQ,266,1B1,8,2,NA,NH,1,NA
KD8BNV,2452,3A,453,2,KD8FLT,OH,10,Wyandot Area Ham Op Org
KD8DKG,446,1E,74,2,NA,MI,1,NA
KD8OBW,52,1D,26,2,NA,OH,1,NA
KD8RBW,86,1D,43,2,NA,MI,1,NA
KD8SPF,138,1D,44,2,NA,OH,1,NA
KD8SQ,1340,2A,495,2,NA,OH,6,OARS
KD8TVV,180,1E,20,2,NA,MI,1,NA
KDŘCI,1160,2AC,177,2,NA,MN,12,Mora Open RA
KDŘLUM,62,1D,6,2,NA,KS,1,NA
KDŘMC,1718,3A,267,2,NA,MN,6,Murray Co ARC
KDŘMGJ,82,1D,16,2,NA,KS,1,NA
KDŘMRV,1114,2A,112,2,NA,MO,35,Greenville ARC
KDŘNEB,1654,3A,305,2,NŘQIX,IA,47,Hiawatha ARC
KDŘQ,2108,1E,587,2,NA,IA,1,NA
KDŘSTU,290,1B1B,8,5,NA,NE,1,NA
KDŘTOS,1690,2A,179,2,NŘEMU,CO,18,Big Sandy ARC / CO ARES D17
KDŘWY,404,1B2,77,2,NA,IA,2,NA
KE2D,5000,2A,1634,2,NA,SNJ,5,NA
KE2WY,494,1D,111,2,NA,WNY,1,NA
KE3PL,396,1E,173,2,NA,GA,1,NA
KE4FD,2790,2A,693,2,NA,NFL,7,Northwest FL ARC
KE4KE,226,1C,19,2,NA,MN,1,NA
KE4PT,2040,1B1B,158,5,NA,SFL,1,NA
KE4QNO,88,1D,19,2,NA,MDC,1,NA
KE4TVV,134,1D,39,2,NA,TN,1,NA
KE4UKX,498,1E,112,2,NA,VA,7,NA
KE4YVF,1138,3E,192,2,NA,NC,7,NA
KE4ZX,1652,2A,390,2,NA,GA,8,Ellijay ARS
KE5DNZ,74,1D,12,2,NA,NM,1,NA
KE5LOT,2026,2F,369,2,NA,STX,21,NA
KE5LQ,498,1D,130,2,NA,STX,1,NA
KE5MIQ,1250,3A,221,2,NA,NM,8,Sacramento Mountains RC
KE5MO,180,1D,65,2,NA,NTX,1,NA
KE5OKT,1352,2F,211,2,NA,OK,5,NA
KE5UES,618,34F,34,2,NA,NTX,3,NA
KE5WMA,674,2A,49,2,NA,LA,11,Westside CRC
KE6PPE,74,1D,12,2,NA,SCV,1,NA
KE6RN,2596,2A,495,2,KK6EZO,SJV,15,California City ARC
KE6TIM,164,1E,32,2,NA,SCV,1,NA
KE7MPN,70,1B1C,10,2,NA,WWA,1,NA
KE7SW,108,1D,29,2,NA,WWA,1,NA
KE8RV,2060,2F,600,2,NA,OH,12,NA
KE9EX,64,1D,32,2,NA,IL,1,NA
KE9SA,324,1E,77,2,NA,WI,4,NA
KEŘCO,800,1E,83,5,NA,WWA,1,NA
KEŘG,4240,1B1B,414,5,NA,MN,1,NA
KF4IRC,96,1D,18,2,NA,AL,1,NA
KF4L,492,2A,68,2,NA,TN,10,Clarksville ATS
KF4USB,126,1D,38,2,NA,SC,1,NA
KF5OIO,140,1D,25,2,NA,OK,1,NA
KF5UTZ,92,1D,21,2,NA,NTX,1,NA
KF6BRF,94,1E,22,2,NA,LAX,1,NA
KF6FIX,156,1D,14,2,NA,ORG,1,NA
KF6HTE,686,2A,68,2,NA,EB,20,Martinez  ARC
KF6NNM,800,3F,184,2,NA,SV,5,NA
KF6RXB,91,1D,41,1,NA,SF,1,NA
KF7CIA,810,4A,180,2,NA,WWA,6,335 World Wide ARG
KF7DX,111,1D,50,1,NA,WWA,1,NA
KF7ELT,300,2A,25,2,NA,MT,5,Musselshell ARC
KF7ETX,130,1B1,15,2,NA,OR,1,NA
KF7HB,555,1AB,26,5,NA,OR,3,Honeywood Club
KF7MBM,52,1D,1,2,NA,WWA,1,NA
KF7OVD,62,1D,6,2,NA,AZ,2,NA
KF7PCL,200,1E,50,2,NA,WWA,1,NA
KF7TCG,902,3A,26,2,NA,OR,10,Mouth of the Columbia ARC
KF7UMW,24,1D,12,2,NA,OR,1,NA
KF7UXC,120,1C,27,2,NA,WWA,1,NA
KF7VG,154,1D,1,2,NA,WWA,1,NA
KF9D,4746,1E,1124,2,NA,IL,2,NA
KFŘXV,640,1B1B,49,5,NA,KS,1,NA
KG2R,954,1E,377,2,NA,SNJ,2,NA
KG4CDI,540,1AC,195,2,NA,NC,7,450' Antenna Group
KG4IGC,496,1E,173,2,NA,SC,1,NA
KG4RUE,752,1E,301,2,NA,SC,1,NA
KG6HBF,378,1E,64,2,NA,SDG,1,NA
KG6HCG,1188,5A,69,2,NA,SV,10,Glenn ARS
KG6HXN,90,1D,20,2,NA,SCV,1,NA
KG6LJO,402,1E,101,2,NA,NV,1,NA
KG6MXO,140,1D,10,2,NA,OK,1,NA
KG6S,594,1E,161,2,NA,SV,2,NA
KG7BFP,74,1D,12,2,NA,MT,1,NA
KG7HR,136,1D,43,2,NA,ORG,1,NA
KG7O,1160,2AB,82,5,NA,WWA,6,Six Retired Guys and a Dog
KG8YT,582,1D,133,2,NA,MI,1,NA
KH6E,1027,2A,257,1,NA,PAC,10,Kauai ARC
KH6EJ,976,2A,37,2,NA,PAC,47,Big Island ARC
KH6EL,1467,2A,917,1,NA,PAC,20,SPARC
KH6HME,186,1D,36,2,NA,PAC,2,NA
KH6J,2738,1A,1309,1,NA,PAC,37,Koolau ARC
KH6RS,3129,2A,2073,1,NA,PAC,15,Maui ARC
KI4CVU,66,1E,8,2,NA,TN,1,NA
KI4EBD,190,1E,20,2,NA,NFL,1,NA
KI4HUS,1950,2F,317,2,N4STW,KY,20,NA
KI4SHR,228,1D,89,2,NA,AL,1,NA
KI4VLW,240,1E,70,2,NA,NC,1,NA
KI4WFJ,15,1D,15,1,NA,SC,1,NA
KI5LR,210,1D,80,2,NA,STX,1,NA
KI6BJN,2668,5A,635,2,NA,SDG,76,San Diego Six Shooters
KI6CQ,272,1E,111,2,NA,TN,1,NA
KI6DAR,88,1D,19,2,NA,SCV,1,NA
KI6FEN,460,1B1B,31,5,NA,SF,1,NA
KI6IHW,136,1D,28,2,NA,SF,1,NA
KI6SN,510,1B1B,36,5,NA,ORG,1,NA
KI6TPX,465,1B1B,23,5,NA,LAX,1,NA
KI7N,456,1E,102,2,NA,OR,1,NA
KI7W,566,2A,108,2,NA,WY,11,Big Horn Basin ARC
KIŘII,1910,1B1B,146,5,NA,CO,1,NA
KJ4GTK,872,2A,67,2,W4MXY,NC,9,Cherokee CO ARES
KJ4IZW,278,1D,57,2,NA,SC,1,NA
KJ4LEN,118,1D,21,2,NA,NFL,1,NA
KJ4MFT,70,2F,10,2,NA,KY,2,NA
KJ4ND,672,3E,134,2,NA,KY,5,NA
KJ4OAS,94,1D,22,2,NA,VA,1,NA
KJ4PXJ,78,1D,7,2,NA,SC,1,NA
KJ4QAN,438,1D,94,2,NA,NFL,1,NA
KJ4RSK,908,1E,638,1,NA,NFL,3,NA
KJ4SWD,1910,6A,270,2,NA,AL,27,Sylvan Springs ARC
KJ4TUW,228,1D,16,2,NA,NFL,1,NA
KJ4VD,70,1D,10,2,NA,TN,1,NA
KJ4WD,160,1D,55,2,NA,NC,1,NA
KJ6CWZ,38,1D,19,2,NA,EB,1,NA
KJ6HRO,368,2A,84,2,NA,SV,4,Rich and Ron's Field Day
KJ6LCP,550,2F,40,2,NA,ORG,3,NA
KJ6MSG,78,1D,14,2,NA,SJV,1,NA
KJ6RNN,286,1C,68,2,NA,SV,1,NA
KJ6UPL,80,1D,15,2,NA,SV,1,NA
KJ6VX,76,1D,13,2,NA,SDG,1,NA
KJ6ZNT,188,1E,44,2,NA,ORG,1,NA
KK1MM,96,1D,23,2,NA,EMA,1,NA
KK1PMA,772,2F,56,2,NA,RI,15,Providence Emergency Management Agency RACES
KK3ARC,1788,3A,369,2,NA,ID,12,3Rivers ARC
KK4BQ,2082,4A,344,2,NA,SC,53,Salkehatchie ARS
KK4BUM,720,4A,285,2,NA,SC,12,UCARS
KK4CIS/8,164,1D,40,2,NA,WV,1,NA
KK4DZP,220,1D,54,2,NA,NFL,1,NA
KK4FKF,114,1E,32,2,NA,VA,1,NA
KK4GQ,2946,3AC,843,2,NA,GA,33,Fayette Co ARC
KK4IQD,78,1D,14,2,NA,NC,1,NA
KK4OIU,70,3D,10,2,NA,VA,3,NA
KK4RRX,76,1D,13,2,NA,WCF,1,NA
KK4SRC,1496,1AC,339,2,NA,GA,3,Senoia ARC
KK5E,3214,3A,760,2,K5KTF,STX,57,Hambuds
KK5JY,1048,1E,232,2,NA,OK,1,NA
KK5K,696,2A,97,2,NA,MS,8,Tupelo ARC
KK5W,10164,9A,2409,2,NA,STX,60,Brazos Valley ARC
KK6DPE,172,2D,61,2,NA,ORG,2,NA
KK6I,2012,2A,418,2,W6BAF,SDG,11,Laguna Mt.
KK6IL,1162,2A,156,2,KF6AUP,SDG,36,ROARS
KK6YB,770,1B1B,84,5,NA,LAX,1,NA
KK7PR,6104,2A,1810,2,AE7YP,OR,21,Portland Radio Contester Club
KK7XX,938,1D,888,1,NA,EB,1,NA
KK9DX,1926,1D,469,2,NA,IL,1,NA
KK9N,2228,3A,457,2,W9KXQ,IL,19,Okaw Valley ARC
KL1JP,476,1E,19,2,NA,AK,1,NA
KL1US,860,2A,5,2,NA,AK,7,Seward Penninsula ARC
KL7/WA4DOX,430,1B1B,28,5,NA,AK,1,NA
KL7AA,3698,3A,1510,1,NA,AK,40,Anchorage ARC
KL7AIR,896,2A,52,2,NA,AK,8,Elmendorf ARS
KL7AN,1302,2A,240,2,NA,AK,43,Moosehorn ARC
KL7JRC,1438,1A,210,2,NA,AK,40,Juneau ARC
KL7KC,1556,3A,32,2,NA,AK,16,Arctic ARC
KL7NC,358,1E,27,2,NA,AK,1,NA
KL7WP/7,510,1B1B,46,5,NA,OR,1,NA
KM4C,2526,3A,663,2,NA,NC,17,Shelby ARC / ARES of Clev Co
KM4I,688,1D,319,2,NA,TN,2,NA
KM4LS,980,1F,165,2,NA,GA,4,NA
KM5ART,96,1D,23,2,NA,NTX,1,NA
KM5DOT,878,1A,251,2,NA,MS,4,MDOT ARC
KM5TY,2040,1B1B,159,5,NA,CO,1,NA
KM5VI,2034,1B1,1884,1,NA,STX,1,NA
KN4EM,2136,3A,504,2,NA,TN,10,JCARES
KN9V,2446,5A,619,2,NA,IN,6,IRCMTW
KNŘBS,650,2E,150,2,NA,IA,4,NA
KO6JF,298,1D,149,2,NA,EB,2,NA
KO6OP,282,1D,116,2,NA,SJV,2,NA
KO6YG,46,1D,23,2,NA,SCV,1,NA
KO7X,225,1D,92,1,NA,WY,1,NA
KO8S,76,1D,13,2,NA,MI,1,NA
KŘAE,2548,5A,539,2,NA,CO,10,Littleton Radio Amateurs
KŘAJW,2704,1A,659,2,NA,ND,11,Souris Valley ARC
KŘANT,1020,2A,225,2,NA,KS,7,Kansas Antenna Club in Johnson Co
KŘARF,414,1A,132,2,NA,MN,3,Keeping AR Fun
KŘBRG,208,1C,29,2,NA,MN,1,NA
KŘCD,1948,1A,376,2,NA,WI,12,SCVRA
KŘDCA,594,36AC,36,2,NA,MO,16,DCAR
KŘDNG,2822,2AC,823,2,NA,MO,3,K-State Alumni Radio Team
KŘEQH,156,1D,78,2,NA,KS,2,NA
KŘEWS,870,1B1B,72,5,NA,IA,1,NA
KŘFEZ,1078,3A,186,2,NA,CO,21,Radops of El Jebel Shrine
KŘFTC,3100,1B2B,275,5,NA,WY,2,NA
KŘG,1690,1B1B,134,5,NA,CO,1,NA
KŘGEO,1686,2E,324,2,NA,STX,3,NA
KŘGNE,1238,2A,289,2,NA,NE,15,Greater NE ARL
KŘGQ,2860,2A,765,2,KCŘMO,MO,50,Raytown ARC
KŘHK,880,1A,70,2,NA,KS,10,Atchison Co. Radio Services
KŘHS,1028,3A,112,2,NA,SD,10,Hot Springs ARC
KŘIIT,4794,2A,1227,2,KCŘQXX,CO,50,Montrose ARC
KŘJFN,3012,4A,731,2,KDŘPGV,NE,10,PARC/HDXA
KŘJJR,462,1D,78,2,NA,MN,1,NA
KŘJV,1676,1A,365,2,NA,SD,3,Three Men and a Radio
KŘKKV,5000,5A,1350,2,KCŘWWR,NE,50,NA
KŘKSN,714,3A,97,2,KŘKSN,KS,10,NA
KŘKWO,934,1A,93,2,NA,IA,4,Hamilton Co ARA
KŘLAR,250,1D,50,2,NA,MN,1,NA
KŘLG,2134,1A,518,2,NA,MO,3,NA
KŘLIR,5010,2A,1300,2,NA,MO,12,NA
KŘLUW,642,1E,123,2,NA,NE,1,NA
KŘMCR,1862,5A,435,2,NA,MN,10,Meeker Co ARC
KŘMP,525,1E,48,5,NA,AZ,1,NA
KŘND,1282,2A,316,2,NA,ND,17,Theodore Roosevelt ARC
KŘNE,4605,2B2B,400,5,NA,NE,2,NA
KOŘA,2950,2A,689,2,WBŘHSI,MO,18,NA
KŘREX (+KB6FBD),246,2B2,23,2,NA,NV,2,NA
KŘRFD,1250,1E,348,2,NA,CO,2,NA
KŘRRP,26,1D,13,2,NA,NC,1,NA
KŘRV,6296,3A,1698,2,KQŘC,CO,47,Ski Country ARC
KŘSI,924,2A,137,2,NA,MO,10,Central MO RA
KŘSKC,2426,3A,499,2,NA,MO,3,MO Outlaws ARC
KŘSNG,5146,3A,1082,2,KD5UFY,AR,24,Bella Vista Rep Group
KŘTT,344,1D,147,2,NA,MN,1,NA
KŘUK,346,1D,74,2,NA,CO,1,NA
KŘUSA,2548,7A,546,2,NA,NE,21,Ak-Sar-Ben ARC
KŘVK,1116,1B1,508,2,NA,CO,1,NA
KŘZ,1610,3A,351,2,NA,MN,30,Northern Lakes ARC
KŘZFK,112,1D,31,2,NA,MO,3,NA
KP3ER,374,1B1C,31,2,NA,PR,1,NA
KP3RE,2240,2A,330,2,NA,PR,36,Radio Operagores Del Este
KP4CVR,1020,2A,184,2,KP4CVR,PR,20,Cuerpo de Voluintarios RadioAficionados
KP4ES,5812,2A,1491,2,NA,PR,10,PRARL
KP4FD,1334,2F,845,1,NA,PR,8,NA
KP4GC,550,1E,40,5,NA,PR,1,NA
KP4NM,700,2F,25,2,NA,PR,19,NA
KQ5M,108,1D,54,2,NA,NM,1,NA
KQ6LV,300,1D,125,1,NA,ORG,1,NA
KQŘJ,452,1E,125,2,NA,NE,1,NA
KR5NM,2058,2A,459,2,K5RIC,NM,12,Sierra Blanca ARC
KS1R,4076,2F,773,2,NA,ME,28,NA
KS2YL,2230,7A,336,2,NA,WNY,19,NA
KS4FE,298,1E,99,2,NA,KY,1,NA
KS4X,614,1D,177,2,NA,TN,1,NA
KS8M,4470,2AB,422,5,NA,OH,4,Northern OH QRO Club
KSŘB,1052,2AC,173,2,NA,MO,13,Callaway ARL
KSŘLV,1368,5A,120,2,NA,KS,8,Pilot Knob ARC
KSŘM,298,1D,62,2,NA,MO,1,NA
KSŘMAN,868,3A,56,2,NA,KS,5,Manhattan Area ARS
KSŘMO,15715,2AB,1518,5,NA,KS,10,Kansas Cirt CC
KT5QQ,72,1D,11,2,NA,NM,2,NA
KT8K,3534,1E,873,2,NA,MI,3,NA
KT9Y,1024,2F,385,2,NA,IL,15,PALS Repeater Group
KU1Q,140,1D,55,2,NA,CT,2,NA
KU4A,1450,1E,150,5,NA,KY,1,NA
KU4MH,738,1B1,125,2,NA,VA,1,NA
KU4UV,522,1B2,102,2,NA,KY,2,NA
KU4V,2326,1E,829,2,NA,NC,1,NA
KU4WD,562,1E,231,2,NA,TN,1,NA
KU6S,2813,3A,1573,1,NA,EB,53,NA
KU7PDX,650,1B2B,80,5,NA,OR,2,NA
KU8E,2768,1D,798,2,NA,GA,1,NA
KVŘCO,454,1B2,150,2,NA,CO,2,NA
KW2O,8016,2AC,2353,2,W2RC,NLI,22,Order of Boiled Owls / Radio Central ARC
KW4DC,940,2F,245,2,KW4DC,TN,25,NA
KW4P,2776,3A,988,2,NA,NC,12,Haywood Co ARC
KW7I,310,1E,55,2,NA,OR,2,NA
KW8N,7835,1B1B,750,5,NA,OH,1,NA
KX3M,532,1E,119,2,NA,EPA,1,NA
KXŘR,4610,1B1B,426,5,NA,WY,1,NA
KY3W,2652,1A,872,2,NA,WPA,3,Berwick Contest Team
KY4AR,1772,2A,401,2,NA,KY,12,Southern Kentucky ATS
KY4KY,7706,2F,1899,2,W4KBR,KY,66,NA
KY4WC,1008,2A,169,2,NA,KY,25,Woodford Co ARC
KY7M,3230,1E,1072,2,NA,AZ,1,NA
KYŘQ,1660,1E,151,5,NA,IL,2,NA
KZ9B,1994,3A,481,2,NA,WI,6,NA
N1AGE,1046,1E,309,2,NA,EMA,1,NA
N1BYT,1610,1B1B,136,5,NA,EMA,1,NA
N1DID,610,1D,181,2,NA,EB,1,NA
N1DN,314,1B1,41,2,NA,CT,1,NA
N1EG,2348,2A,801,2,NA,CT,50,Coastline ARA
N1EM,3530,5F,977,2,NA,EMA,19,NA
N1EV,9258,3A,2615,2,W1NLK,CT,30,Greater Norwalk ARC
N1GNV,52,1B1,1,2,NA,CT,1,NA
N1HO,658,1E,127,2,NA,SFL,1,NA
N1IA,150,1D,25,2,NA,WNY,1,NA
N1IH,534,1E,42,2,NA,CT,7,NA
N1IVY,275,1B1B,5,5,NA,ME,1,NA
N1KHL,182,1E,8,2,NA,EMA,1,NA
N1KRT,254,1D,102,2,NA,EMA,1,NA
N1KW,6600,1B1B,625,5,NA,IL,1,NA
N1MD,128,1D,20,2,NA,CT,1,NA
N1ME,2724,2A,766,2,NA,ME,26,Pine State ARC
N1MV,708,3A,4,2,NA,EMA,22,Mystic Valley ARG
N1NAZ,116,1E,8,2,NA,NH,1,NA
N1NC,4700,1A,1237,2,NA,EMA,35,Nashoba Valley ARC
N1NN,290,1D,60,2,NA,EMA,1,NA
N1NRA,918,1F,184,2,NA,VT,4,NA
N1NW,4192,6A,847,2,NA,CT,45,Radio Am Soc of Norwich
N1OJW,74,1D,12,2,NA,WMA,1,NA
N1QC,3086,3A,607,2,KB1NH,NH,25,Granite State ARA
N1RLR,70,1D,10,2,NA,EMA,1,NA
N1VT,4262,4A,1202,2,WA1VT,VT,20,Green Mountain Wireless
N1WM,4610,4A,1060,2,KB1DMR,WMA,25,Northern Berkshire ARC
N1WW,2766,3A,889,2,NA,WMA,21,NA
N1YF,900,2D,215,2,NA,ME,3,NA
N1YIS,62,1D,6,2,NA,ME,1,NA
N1ZIZ,1516,3A,141,2,NA,EMA,40,Genesis ARS
N2BJ,2409,2D,2004,1,NA,IL,3,NA
N2CMC,2918,3A,744,2,W2CMC,SNJ,36,Cape May Co ARC
N2CU,1900,1C,175,5,NA,WNY,1,NA
N2DD,184,1E,17,2,NA,WNY,1,NA
N2DMK,66,1D,8,2,NA,SNJ,1,NA
N2EW,1324,4A,207,2,NA,LAX,4,NBC ARC
N2GT,80,1D,40,2,NA,NNJ,1,NA
N2HQX,1130,4A,27,2,NA,SNJ,27,Delaware Valley Ragchew Club
N2JFS,300,1AB,30,5,NA,VT,3,Central Halifax AOS
N2JR,1920,1B1B,157,5,NA,VA,1,NA
N2KTV,1020,1E,100,5,NA,ENY,1,NA
N2MO,3406,4E,606,2,NA,NNJ,26,NA
N2MQ,854,3AC,207,2,NA,WNY,30,CARS
N2MTG,632,1E,241,2,NA,ENY,1,NA
N2NNY,1472,3AC,286,2,NA,NNY,10,North Franklin ARS
N2OB,10610,4A,3150,2,N2CW,SNJ,40,Old Barney ARC
N2OEF,178,3D,64,2,NA,SNJ,3,NA
N2QOJ,1388,2A,249,2,NA,AZ,8,Queen Creek ARC
N2R,606,2A,78,2,NA,NNJ,85,Royal Rangers NJ
N2RE,4300,7AB,335,5,NA,SNJ,41,David Sarnoff ARC
N2SF,7236,4A,2003,2,N2GDY,ENY,35,Westchester Em Com Assn
N2TY,2246,3A,545,2,NA,ENY,30,Troy ARA
N2UC,1866,2B2,379,2,NA,WNY,2,NA
N2VPZ,1082,3A,66,2,NA,ID,16,Elmore Co ARC
N2XJ,4496,2A,1371,2,W2FMI,NNJ,51,New Providence ARC
N2XP,2260,2D,851,2,NA,NNJ,3,NA
N3AEA,60,1C,5,2,NA,MDC,1,NA
N3AQC,4070,3AB,352,5,NA,WPA,4,North American QRP CW Club
N3BPB,42,1D,21,2,NA,WPA,1,NA
N3CSE,1068,4A,234,2,NA,EPA,13,Jonestown Mountain Repeater Assn.
N3CU,5350,1B2B,510,5,NA,WPA,2,NA
N3EP,1288,5F,281,2,NA,EPA,36,NA
N3GGT,478,1D,107,2,NA,EPA,1,NA
N3GJ,356,1B1,66,2,NA,WPA,1,NA
N3GO,186,1D,34,2,NA,NC,1,NA
N3IC,9278,2A,2696,2,K3MZ,MDC,17,Randallstown ARC
N3IJW,102,1D,13,2,NA,VA,1,NA
N3IS,2018,3A,419,2,W3PRK,EPA,12,EPARA
N3JJT,1100,1B1C,200,2,NA,OH,1,NA
N3JNX,192,1D,39,2,NA,EPA,1,NA
N3KCM,480,1B1B,46,5,NA,EPA,1,NA
N3KR,1498,1D,362,2,NA,EPA,1,NA
N3NIA,1862,5A,381,2,NA,WPA,15,Elk Co. ARA
N3NZ,4454,6A,1012,2,K3MN,EPA,41,Marple Newtown ARC & Mobile Sixers RC
N3PC,1486,5AC,314,2,NA,WPA,9,Headwaters ARC
N3PV,534,1C,121,2,NA,SDG,1,NA
N3QC,1970,2AC,679,2,K3HWJ,WPA,20,Quad Co. ARC
N3RAY,442,1A,143,2,NA,EPA,3,LBCECG
N3SH,3022,3A,760,2,NA,WPA,20,Wireless Assn of South Hills
N3SRC,1298,4A,242,2,NA,EPA,15,Susquehanna Co ARC
N3TG,188,1C,19,2,NA,VA,1,NA
N3TN,1398,2A,262,2,NA,WPA,15,NA
N3TWT,1741,2F,907,1,NA,EPA,18,NA
N3UA,432,1D,108,2,NA,VA,1,NA
N3VZ,6752,2A,2037,2,NA,EPA,5,NA
N3ZP,2205,1B1B,202,5,NA,EPA,1,NA
N4AW,6278,2A,1549,2,N4SBA,SC,12,NA
N4BP,8870,1E,2105,2,NA,SFL,1,NA
N4BRF,3028,3A,934,2,NA,SFL,20,Boca Raton ARA
N4CF,2105,1E,210,5,NA,VA,1,NA
N4DAB,2620,3F,418,2,NA,NFL,9,NA
N4DD,7610,1B2B,736,5,NA,VA,2,NA
N4EE,2810,2A,630,2,NA,SC,13,Trident ARC
N4EH,6452,4A,1910,2,WA2FRW,NFL,75,Lake Monroe ARS
N4EMP,236,2D,103,2,NA,AL,2,NA
N4ERD,154,1C,2,2,NA,VA,1,NA
N4FL,2558,2A,553,2,NA,SFL,64,Gold Coast ARA
N4FR,9188,3F,2956,2,W4SQD,TN,100,NA
N4GAS,2258,3A,444,2,K4GNC,NC,33,Gaston Co ARS
N4HA,250,1B1B,20,5,NA,NC,1,NA
N4IDX,1432,3AC,367,2,NA,AL,10,Bankhead ARC
N4IV,3628,3F,755,2,NA,NC,24,NA
N4IX,335,1B1B,37,5,NA,GA,1,NA
N4LES,324,1E,87,2,NA,GA,1,NA
N4LG,4820,1B2B,447,5,NA,KY,2,NA
N4LNR,1806,2A,368,2,NA,NC,19,Lenoir ARC / Caldwell ARES
N4MBI,244,1D,97,2,NA,NC,1,NA
N4MI,2528,2A,569,2,N4HOK,VA,40,Goochland Co ARES / VA Capital District 6 ARES
N4MUH,510,1E,142,2,NA,NFL,1,NA
N4N,11020,3A,2995,2,N4G,GA,30,N4N Field Day Group
N4NC,224,1D,56,2,NA,NC,1,NA
N4NE,7640,4AC,2348,2,NA,GA,77,Sawnee ARA
N4NRV,3352,3A,751,2,NA,VA,12,New River Valley ARC
N4NSS,310,1D,65,2,NA,WI,1,NA
N4NTO,250,1B1C,50,2,NA,NC,1,NA
N4PCC,360,1D,155,2,NA,NFL,1,NA
N4PN,6448,1E,2402,2,NA,GA,1,NA
N4PRS,2620,2A,584,2,AI4WL,NC,34,Pamlico ARS
N4PU,1410,3E,518,2,NA,GA,3,NA
N4QET,966,1A,154,2,NA,GA,9,Bartow Co ARES
N4R,1176,3A,306,2,NA,GA,4,Robins Group
N4RE,2820,1B2B,257,5,NA,NC,2,NA
N4REF,388,1E,119,2,NA,SC,2,NA
N4S,5952,2A,1738,2,NA,SC,20,Oconee District 17 RC
N4SER,2000,2F,365,2,W2DEN,WCF,8,NA
N4SVC,2906,2A,866,2,WA4ZET,NFL,31,Suwannee ARC
N4SWC,2168,6A,541,2,NA,NC,12,South Wake ARC
N4T,2855,2B2B,251,5,NA,GA,2,NA
N4THM,2678,2F,527,2,N4IF,AL,22,NA
N4TP,8864,2A,2584,2,W4DUG,WCF,45,NA
N4TUN,794,3AC,172,2,NA,AL,21,Cullman ARC
N4UF,2206,1B1,541,2,NA,NFL,1,NA
N4WGL,742,3A,192,1,NA,WCF,15,Upper Pinellas ARC
N4WO,3748,2A,811,2,NA,NFL,26,Spring Hill ARC
N4WPJ,70,1D,10,1,NA,SC,1,NA
N4YHC,184,1D,57,2,NA,KY,1,NA
N5AT,1190,2A,234,2,KDŘJKM,AR,33,Combined ARES/CUHF/CAVHS
N5ATM,268,1D,105,2,NA,NTX,1,NA
N5BB,2218,3A,339,2,NA,NTX,25,Irving ARC
N5BL,2100,3E,746,2,NA,NM,23,NA
N5BTC,1944,3AC,416,2,NA,STX,34,Big Thicket ARC
N5C,1866,4A,255,2,N5CRP,STX,32,South TX ARC
N5CNM,874,3A,152,2,NA,NM,5,Carlsbad AR
N5DD,430,1B1,140,2,NA,NTX,1,NA
N5EOC,5614,2F,1316,2,NA,NTX,20,NA
N5I,2686,2F,542,2,KC5ZJY,LA,28,NA
N5II,2916,3A,798,2,NA,LA,8,Springhill ARC
N5JB,2676,1A,649,2,NA,NTX,3,NA
N5KW,10754,2A,2685,2,NN5Q,OK,16,Muskogee ARC
N5KWN,2744,3D,694,2,NA,STX,5,NA
N5LH,600,1E,125,2,NA,AR,1,NA
N5LZ,2980,1E,283,5,NA,UT,1,NA
N5OE,2254,1B1,501,2,NA,NTX,1,NA
N5OS,1552,6A,259,2,W5WA,MS,12,Jackson Co ARA
N5PJ,1452,1A,316,2,NA,OK,3,Salted Hams Club
N5QO,362,1D,156,2,NA,AR,1,NA
N5RD,3842,2A,1145,2,NA,LA,15,Minden ARA
N5SQR,98,1C,12,2,NA,NM,2,NA
N5TOL,142,1D,46,2,NA,WTX,1,NA
N5TT,6854,2A,1983,2,N5T,STX,86,WCARC
N5VA,630,4A,110,2,W5FHA,NM,30,AR Caravan Club / Albuquerque ARC
N5WW,464,1D,116,2,NA,STX,1,NA
N6AE,460,1B2B,42,5,NA,SV,2,NA
N6CG,1482,3A,149,2,K6SSI,ORG,35,Lee DeForest ARC
N6EF,888,1E,213,2,NA,SV,1,NA
N6ER,1528,2A,379,2,NA,ORG,10,Fullerton ERC
N6FQ,1594,3A,412,2,NA,SDG,49,Fallbrook ARC
N6FR,3520,3A,843,2,NA,SV,12,Geezer Natomas ARC
N6FRG,2072,6A,295,2,KI6UTW,SJV,10,Calaveras ARS
N6GA,11010,4AB,1094,5,NA,LAX,6,Zuni Loop Mtn Expeditionary Force
N6IGI,156,1C,53,2,NA,ORG,1,NA
N6IPD,3252,2A,913,2,K6PB,ORG,40,Irvine Disaster Em Comm
N6ISL,102,2D,26,2,NA,EB,1,NA
N6JF,1438,1D,347,2,NA,ID,2,NA
N6KRV,984,4A,117,2,NA,SJV,6,Sequoia ARG
N6KZ,690,1E,165,2,NA,AZ,1,NA
N6L,1170,2A,120,2,WO1S,ORG,70,Laguna Beach Em Com Team
N6MI,3492,2A,1985,1,NA,SCV,7,Derangers
N6N,1230,4A,269,2,NA,ORG,17,Sierra ARC of the High Desert
N6NF,1150,1E,832,1,NA,SCV,1,NA
N6NH,3180,2A,699,2,W6KOS,ORG,90,Hospital Disaster Support Com Sys
N6OIL,70,1D,10,2,NA,ORG,1,NA
N6OIM,206,1B1,28,2,NA,SV,1,NA
N6OV,6232,2A,1674,2,W6TD,ORG,25,Bishop ARC
N6QEK,146,1D,73,2,NA,SDG,1,NA
N6R,5328,10A,1533,2,NA,SB,19,Ventura Co ARS & Simi Settler's ARC
N6RK,3342,1B1,908,2,NA,SV,1,NA
N6RLS,288,1D,54,2,NA,EB,1,NA
N6SD,4044,2A,888,2,N6WB,SDG,50,Escondido ARS
N6SJV,1724,5A,320,2,NA,SJV,32,Lodi ARC
N6SL,190,1D,95,1,NA,NFL,1,NA
N6SSF,1486,4F,150,2,NA,SCV,16,NA
N6STA,150,1D,25,2,NA,LAX,1,NA
N6TCZ,30,1D,22,1,NA,LAX,1,NA
N6TV,2182,1E,483,2,NA,SCV,1,NA
N6TWA,72,1D,36,2,NA,ORG,2,NA
N6VNO,240,1B1B,14,5,NA,SCV,1,NA
N6VV,4936,2A,1686,2,NA,EB,22,AR Guild of Pleasant Hill
N6WN,318,1D,72,2,NA,OR,1,NA
N7A,1450,1A,187,2,NA,NV,6,Amargosa ARC
N7CFO,200,1B1,50,2,NA,WWA,1,NA
N7DLV,438,1C,44,2,NA,WWA,1,NA
N7EI,1348,3A,299,2,NA,OR,15,Columbia ARA
N7ETC,2500,1E,230,5,NA,WWA,1,NA
N7GDE,2906,5A,520,2,NA,WWA,22,Radio Amateurs of Skagit Co
N7IG,2192,2A,324,2,NA,WWA,15,NA
N7JN,1406,4A,218,2,NA,WWA,24,San Juan Co ARS
N7KE,2018,1A,627,2,NA,WWA,11,RC of Redmond
N7KQ,780,1F,145,2,NA,AZ,6,NA
N7LE,7028,2A,1958,2,WN7K,OR,11,Central OR DX Club
N7LQK,2,1B1C,1,2,NA,AZ,1,NA
N7LYY,742,2A,228,2,NA,MT,10,NA
N7NB,1420,1E,117,5,NA,WWA,1,NA
N7NEV,895,1E,56,5,NA,AZ,1,NA
N7NTM,46,1D,23,2,NA,AZ,1,NA
N7OU,7410,1B1B,716,5,NA,WWA,1,NA
N7PI,598,1AC,224,2,NA,ID,40,Pocatello ARC
N7POR,866,2AC,153,2,NA,MT,8,NA
N7PP,12634,6A,3822,2,W7PLU,WWA,18,South Hill CC / W7PLU EOC Group
N7QT,3478,3A,749,2,NA,EWA,3,Wilson's Wonders
N7RVD,1945,1B1B,161,5,NA,EWA,1,NA
N7SK,780,3A,93,2,NA,WWA,15,Mason Co ARC
N7TMS,118,1D,34,2,NA,ID,1,NA
N7UW,376,2A,54,2,NA,WY,15,Univ ARC
N7V,2428,10A,314,2,NA,NV,76,Hams On The Hill
N7WY,2562,4A,593,2,NA,WY,13,Shy-WY
N7XVQ,58,1D,4,2,NA,AZ,1,NA
N8AGU,87,1D,22,1,NA,OH,1,NA
N8ARA,1574,3A,337,2,NA,OH,40,NA
N8B,1195,2AB,76,5,NA,OH,3,N Bass Island OH Expedition
N8BB,2580,1B1B,253,5,NA,MI,1,NA
N8BC,6220,5A,1669,2,NA,OH,20,Lake Co ARA
N8BP,248,1D,68,2,NA,NTX,1,NA
N8BV,1646,1D,798,2,NA,OH,1,NA
N8CV,3526,4E,1086,2,NA,OH,8,NA
N8EBN,126,1D,38,2,NA,AZ,1,NA
N8FWY,300,1B2B,10,5,NA,OH,2,NA
N8GU,500,1B1B,25,5,NA,OH,1,NA
N8HM,340,1B2B,11,5,NA,MDC,2,NA
N8IVE,1938,5A,500,2,NA,OH,12,NA
N8KD,4136,1B2C,1041,2,NA,MI,2,NA
N8KOJ,65,1D,15,1,NA,OH,1,NA
N8LBF,194,1D,72,2,NA,MI,1,NA
N8LC,4330,5A,1265,2,NA,MI,16,L'Anse Creuse ARC
N8LGQ,334,1D,142,2,NA,VA,1,NA
N8MWS,462,1B1,79,2,NA,OH,1,NA
N8NBL,3044,3A,900,2,NA,WV,32,Parkersburg AR Klub
N8NC,2450,5AB,280,5,NA,OH,23,North Coast ARC
N8NOE,216,1B2C,83,2,NA,MI,2,NA
N8OC,464,1D,123,2,NA,MI,1,NA
N8OE,1464,3A,460,2,NA,MI,8,Big Rapids Area ARC
N8OQ,1255,1E,201,5,NA,VA,1,NA
N8OVI,496,1A,100,2,NA,MI,4,Novi ARC
N8PFK,202,1D,76,2,NA,MI,1,NA
N8QA,1064,3A,297,2,NA,OH,15,Portsmouth RC / SCARES
N8SE,2478,7F,382,2,NA,MI,12,Metro Detroit SATERN Team
N8SK,192,1E,21,2,NA,OH,1,NA
N8SL,7572,3A,2106,2,N8AR,MI,24,South Lyon Area ARC
N8TFD,214,1C,59,2,NA,OH,1,NA
N8UR,850,1D,224,2,NA,MI,1,NA
N8VNR,102,1D,26,2,NA,NC,1,NA
N8WL,1120,1B2B,44,5,NA,OH,2,NA
N8ZKT,160,1B2,5,2,NA,MDC,2,NA
N9AKR,912,2E,393,2,NA,IL,2,NA
N9AW,8090,2A,2108,2,KC9WPS,WI,16,W/K ARC of Greater Milwaukee
N9BAT,1476,2A,239,2,NA,IL,18,Chicago Suburban RA
N9CO,2614,1D,641,2,NA,IL,1,NA
N9F,905,2B2B,47,5,NA,WI,2,NA
N9HC,2838,4A,644,2,WA9YI,IN,50,Hendricks Co ARS
N9HR,170,1A,35,2,NA,WI,11,Watertown ARC
N9IZ,178,1B2C,64,2,NA,IN,2,NA
N9KS,2236,3A,426,2,NA,WI,8,Kettle Moraine Radio Amateurs
N9KY,880,3A,112,2,NA,KY,13,NA
N9NAU,1060,3A,265,2,NA,IN,30,NA
N9NM,866,1D,204,2,NA,STX,1,NA
N9NUZ,76,1D,13,2,NA,WI,1,NA
N9NX,678,1A,168,2,NA,WI,5,NA
N9OF,1124,1D,270,2,NA,STX,1,NA
N9OQU,840,2A,80,2,NA,IL,4,Mobile Ohm Volunteer Examiners
N9QID,180,2D,65,2,NA,MI,3,NA
N9RJV,7530,2A,2123,2,AC9CG,IL,57,Schaumburg ARC
N9TK,4838,1E,1122,2,NA,IL,3,NA
N9TO,2040,2A,390,2,NA,IL,7,Not All There
N9TU,1298,1A,241,2,NA,IN,11,Fayette FD Hams
N9US,1246,2B2,119,2,NA,WCF,2,NA
N9VI,2688,3A,617,2,N9WLW,IN,32,21 Rep Group / Kendallville Contesters
N9WKW,206,1D,108,1,NA,IN,1,NA
N9XH,1236,2F,198,2,NA,WI,17,NA
N9ZWY,422,2D,166,2,NA,WI,5,NA
NA1GB,734,1C,173,2,NA,EMA,2,NA
NA1RL,1390,2A,223,2,NA,CT,26,NA
NA3DX,6555,2AB,616,5,NA1DX,MDC,14,NA
NA3Z,258,1B1,4,2,NA,VA,1,NA
NA4CC,1956,2A,386,2,NA,NC,7,NA
NA4GC,1428,2A,366,2,W4GSO,NC,29,Guilford Co ARES/ Greenaboro ARA
NA4K,5518,2A,1276,2,NA,TN,28,McMinn Co ARC
NA5NN,16750,5A,5202,2,K5DXA,MS,34,599 DX Assn
NA6MG,820,1B1B,77,5,NA,LAX,1,NA
NA9U,7120,2A,2025,2,KC9TEW,IN,13,NA
NAŘPW,2670,2E,236,5,NA,CO,7,NA
NB4M,2800,1E,265,5,NA,TN,1,NA
NB6GC,2218,3A,513,2,W6BB,EB,15,NA
NBŘO,406,1E,100,2,NA,SV,1,NA
NC2PD,812,2AC,151,2,NA,NLI,11,Nassau Co Police ARC
NC4AR,1546,3F,319,2,NA,NC,10,Tri-County RC
NC4CA,1848,6F,749,2,NA,NC,15,NA
NC4LC,2188,3A,419,2,NA,NC,39,NA
NC4MC,970,2A,115,2,NA,NC,8,Montgomery ARS
NC4MI,226,1D,69,2,NA,NC,1,NA
NC4ML,2892,3A,845,2,KR4W,NC,35,Moore Co ARS
NC4NH,6634,2A,1751,2,N2WG,NC,51,NHC Em Prep Group
NC4OC,2936,3AC,564,2,WD4FVO,NC,15,Onslow ARC
NC4RT,1480,1B1B,123,5,NA,NC,1,NA
NC4UC,1988,2A,594,2,KB4NET,NC,13,Union Co. ARS
NC6MC,1106,3A,228,2,NA,SF,20,Mendocino Co AR Com Serv
NCŘA,2558,3A,461,2,NA,CO,17,Royal Gorge ARC
ND3R,168,1D,36,2,NA,WPA,1,NA
ND5MS,1070,4F,138,2,NA,OK,9,NA
ND9E,460,1E,117,2,NA,IL,1,NA
NE2T,588,1D,122,2,NA,WNY,1,NA
NE3R,880,1B1B,146,5,NA,WV,1,NA
NE4GA,1632,3A,341,2,NA,GA,34,Athens ARC & Northeast GA ARC
NE4TN,268,1D,134,2,NA,TN,1,NA
NE7D,2946,2B2C,724,2,NA,OR,2,NA
NE7WY,2302,2A,503,2,NA,WY,22,NE WY ARA
NE9T,702,3A,76,2,NA,IN,10,Indy Midtown ARC
NEŘNP,388,2A,19,2,NA,NE,6,North Platte Progressive ARC
NF1Y,1580,4F,391,2,NA,CT,5,NA
NF2RS,5000,1AB,473,5,NA,WNY,3,Niagara Frontier Radiosport
NF8M,200,1B1B,5,5,NA,MI,1,NA
NF9T,120,1D,60,2,NA,IL,1,NA
NFŘR,3660,4AB,261,5,NA,MO,11,St. Louis QRP Soc
NFŘT,682,1B2C,169,2,NA,IA,2,NA
NGŘR,990,1B2B,62,5,NA,MN,2,NA
NI2S,1820,1F,415,2,NA,NNJ,9,Parsippany RACES
NI7DX,1670,4A,248,2,NA,EWA,20,Idaho DX Assn
NI7R,1150,1E,100,5,NA,AZ,1,NA
NJ1K,1095,1D,1045,1,NA,VA,5,NA
NJ1Q,260,1D,65,2,NA,CT,1,NA
NJ2AR,1038,4A,122,2,NA,SNJ,20,Jersey Shore ARS
NJ6A,306,1E,78,2,NA,ORG,1,NA
NK5G,814,2D,191,2,NA,STX,1,NA
NK8O,1450,1E,130,5,NA,KS,1,NA
NK9R,5960,1AB,501,5,NA,GA,7,Hunters Ridge Hams
NKŘE,320,1B1B,17,5,NA,CO,1,NA
NM4SH,342,1D,73,2,NA,VA,1,NA
NM5HD,3662,2A,803,2,NA,NM,29,High Desert ARC of NM
NM8ES,458,1A,27,2,NA,MI,7,Northern MI ARES
NM8RC,986,2A,104,2,NA,MI,6,Top of MI ARC
NN1AA,108,1D,16,2,NA,EMA,1,NA
NN4VA,1294,3A,181,2,W4WHD,VA,6,Westmoreland ARC
NN5Z,5356,1A,1313,2,NA,OK,5,Boomer CC
NN7X,234,1E,42,2,NA,OR,1,NA
NO8C,62,1D,17,2,NA,OH,1,NA
NO8I,718,2A,134,2,NA,OH,11,Huber Heights ARC
NO8N,3392,3E,753,2,NA,OH,5,NA
NO9C,810,1B1,115,2,NA,WI,1,NA
NŘA,696,2D,173,2,NA,MO,6,NA
NŘARA,1120,2A,185,2,WŘCCY,CO,51,Arapahoe Co ARES/Aurora Rep Assn/Cherry Creek Young ARC/Rocky Mtn Ham Radio
NŘAT,8296,2A,1911,2,NA,MN,5,Blue Lake Brothers
NŘBHC,828,2A,139,2,NA,MN,20,Scott Co ARES
NŘC,2758,3A,818,2,NA,MO,30,Nixa ARC
NŘCQC,2770,4AB,173,5,NA,CO,28,Colorado QRP Club - Aloha
NŘDH,1806,2A,442,2,NA,MN,20,Hiawatha ARC
NŘEF,2800,1E,255,5,NA,MT,1,NA
NŘFCD,1890,1E,765,2,NA,IL,1,NA
NŘFH,4648,3A,913,2,NA,CO,25,Estes Valley ARC
NŘFIB,390,1D,85,2,NA,MO,1,NA
NŘFKC,1038,1B1,129,2,NA,MN,1,NA
NŘGF,4490,3A,1226,2,NA,ND,10,NA
NŘI,1814,3A,287,2,NA,MN,12,North Woods ARG
NŘJK,155,1C,1,5,NA,KS,1,NA
NŘMA,3092,2A,977,2,NA,IA,20,Radio Farm
NŘNK,2714,3A,515,2,NA,KS,10,Newton/McPherson Group
NŘNNP,372,1B1,42,2,NA,MO,1,NA
NŘNS,270,1D,55,2,NA,IA,1,NA
NŘOII,58,1D,29,2,NA,SD,1,NA
NŘOMC,174,1C,37,2,NA,KS,1,NA
NŘPR,2962,3AC,641,2,ABŘC,MO,12,Macon Co. ARC
NŘSFF,2006,1A,750,2,NA,IA,12,NA
NŘSS,4558,2A,971,2,KŘETY,MO,68,NA
NŘUA,1830,3A,357,2,NA,CO,14,Franktown FD Club
NŘUW,3464,4A,687,2,NA,MN,43,Owatonna Steele Co ARC
NŘUY,1434,1B1,321,2,NA,MN,1,NA
NŘXOB,33,1E,33,1,NA,IA,1,NA
NŘYBC,173,1D,123,1,NA,GA,1,NA
NŘZS,1266,2A,327,2,NA,MO,17,Lake of the Ozarks ARC
NŘZTO,830,1AB,134,5,NA,CO,4,NA
NP2CB,1325,1AB,83,5,NA,NFL,6,NP2CB FD Group
NP2VI,3221,2A,1975,1,NA,VI,22,St Croix ARC
NP3M,290,1F,35,2,NA,PR,4,Western ARC
NP3PR,1380,2F,341,2,KP4MB,PR,5,NA
NQ2W,2460,1B1B,221,5,NA,ENY,1,NA
NQ5K,950,1D,450,1,NA,STX,1,NA
NQ7R,1375,1B1B,133,5,NA,AZ,1,NA
NR5M,9020,1E,2925,2,NA,STX,2,NA
NR5ON,830,1E,46,5,NA,NM,2,NA
NR9EM,284,1C,53,2,NA,MI,1,NA
NS1RA,11336,3A,3080,2,KB1PAL,EMA,50,North Shore Radio Assn
NT4K,1456,3A,645,1,NA,NFL,26,NA
NT7H,1602,3A,218,2,NA,WWA,32,Olympia ARS
NT7MI,206,1E,28,2,NA,AZ,1,NA
NU1H,90,1E,20,2,NA,ME,1,NA
NUŘT,565,1B1B,68,5,NA,CO,1,NA
NV1O,918,2A,275,2,NA,AZ,5,Old Friends AR Team
NV4B,2430,1E,218,5,NA,AL,1,NA
NV7CC,1452,3A,182,2,NA,NV,24,ARCC of Churchill Co
NV9X,1260,1E,111,5,NA,IL,1,NA
NW2C,2604,3A,511,2,NA,NLI,10,Northeast Wireless RC
NW3H,1184,1E,168,2,NA,EPA,5,NA
NW8S,4532,5A,1086,2,NA,OH,12,Lorain Co Wireless Group
NWŘF,52,1C,1,2,NA,NTX,1,NA
NWŘK,5266,2A,1102,2,WYŘI,KS,7,Trojan ARC
NWŘM,1106,1D,264,2,NA,MO,1,NA
NX8G,490,1E,93,2,NA,OH,1,NA
NX8Y,3706,2A,872,2,AB8FF,OH,10,Rice Family
NX9P,1022,1D,260,2,NA,IL,2,NA
NXŘG,948,3A,173,2,NA,CO,4,Mountain ARC
NY1P,928,1F,130,2,NA,CT,3,NA
NY2EB,286,1B1,18,2,NA,NLI,1,NA
NY4N,3350,1E,851,2,NA,TN,1,NA
NY7N,76,1D,26,1,NA,AZ,1,NA
NZ2Y,784,1A,117,2,NA,WNY,6,Chautauqua & Erie ARC
NZ5A,2750,1B1B,240,5,NA,STX,1,NA
NZ5G,485,1B2B,25,5,NA,STX,2,NA
PV8DX,178,1D,10,2,NA,DX,1,NA
PX2F,264,1AC,82,2,NA,DX,3,Sao Paulo CG
UX3MZ,33,1D,33,1,NA,DX,1,NA
VA2CMQ,1318,2A,243,2,NA,QC,7,Club Radio Amateur Matane
VA2NU,496,1B1,73,2,NA,ONE,1,NA
VA2RIO,204,1E,52,2,NA,QC,1,NA
VA3AAR,892,3AC,289,2,NA,ON,6,Almonte ARC
VA3CME,355,1B1B,21,5,NA,ONE,1,NA
VA3CTA,1540,2A,360,2,NA,ON,25,Central Toronto ARC
VA3DF,5530,1B2B,499,5,NA,GTA,2,NA
VA3FN,154,1D,26,2,NA,ONS,1,NA
VA3KAI,1840,1E,169,5,NA,ON,1,NA
VA3NRR,498,2A,74,2,NA,ONE,14,Renfrew Co ARC
VA3OVQ,980,2AB,39,5,NA,ONE,6,Ottawa Valley QRP Soc
VA3TOP,2305,2AB,154,5,NA,ONN,11,Elliot Lake ARC
VA3YV,3515,1B2B,367,5,NA,ONS,2,NA
VA4CQD,76,1E,13,2,NA,MB,1,NA
VA4PAR,1850,2AC,800,2,NA,MB,15,Pathfinders ARC
VA5AA,1374,3A,302,2,NA,SK,12,Sask-Alta RC
VA5DR,1330,2A,285,2,NA,SK,9,NA
VA7HZ,106,1D,18,2,NA,BC,1,NA
VA7MM,1980,2E,367,2,NA,BC,3,NA
VA7OM,1180,1D,600,1,NA,BC,1,NA
VA7ST,1666,1D,404,2,NA,BC,1,NA
VA7YJJ,66,1D,8,2,NA,BC,1,NA
VE1AO,874,1F,239,2,NA,MAR,12,NA
VE1ARC,1238,3A,188,2,NA,MAR,12,Greenwood ARC
VE1FO,7396,2F,1873,2,VE1QD,MAR,30,NA
VE2AHH/VO1,328,1B1,32,2,NA,NL,1,NA
VE2AWR,1430,1E,356,2,NA,QC,1,NA
VE2CAM,885,1AB,45,5,NA,QC,12,Club RA de St-Hyacinthe
VE2CEV,166,1D,29,2,NA,QC,2,NA
VE2CLM,1562,1A,325,2,NA,QC,14,NA
VE2CQ,2904,2A,716,2,NA,QC,43,Club RA de Quebec
VE2CRB,1726,1A,300,2,NA,QC,5,Le Club Radioamateur de Beauce
VE2CRO,1800,3A,575,2,NA,QC,21,Club de Radio Amateur de l'Outaouais
VE2CRS,2938,2A,625,2,NA,QC,7,Club Radioamateur Saguenay-Lac-St-Jean
VE2CSP,2566,3A,477,2,NA,QC,24,Association Radioamateur de Portneuf
VE2CVN,525,2AB,72,5,NA,QC,3,club radioamateur de la Visitation
VE2CVR,3594,3A,882,2,NA,QC,28,NA
VE2CWI,3284,1A,766,2,NA,QC,22,NA
VE2CWQ,1194,3A,211,2,NA,QC,20,Canwarn Quebec
VE2EZD,2530,1B1B,218,5,NA,QC,1,NA
VE2FET,4778,1A,1103,2,NA,QC,4,NA
VE2KOT,200,1D,50,2,NA,QC,1,NA
VE2KY,112,1D,31,2,NA,QC,1,NA
VE2MO,876,3A,122,2,NA,QC,18,Assn Radio Amateur de la Mauricie
VE2RAE,876,3A,175,2,NA,QC,22,Club Radio Amateur de l'Estrie
VE2UMS,2336,1A,670,2,NA,QC,40,Union Metropolitaine des Sans-filistes de Montreal
VE2XL,114,1D,57,2,NA,QC,1,NA
VE3AAQ,710,1B1B,46,5,NA,ON,1,NA
VE3AIR,1004,3A,127,2,NA,ONE,4,NA
VE3BA,1738,7A,415,2,NA,ONS,11,Brantford ARC
VE3CJ,2055,1AB,172,5,NA,GTA,5,Burlington ARC
VE3CQH,230,1E,8,5,NA,ONS,1,NA
VE3CV,158,1D,54,2,NA,ONS,1,NA
VE3DC,3504,4A,914,2,VE3HTF,ONS,45,Hamilton ARC
VE3EDX,1410,1B1B,116,5,NA,ONN,1,NA
VE3EEE,150,1D,26,2,NA,ON,1,NA
VE3GBY,592,2D,214,2,NA,ON,7,NA
VE3GCB,1406,2A,243,2,NA,ONS,25,Barrie ARC
VE3HB,7160,3A,1749,2,VE3HG,ON,18,Oakville ARC
VE3IC,1530,4A,380,2,NA,ONS,25,Kitchener-Waterloo ARC
VE3KAR,248,2A,99,2,NA,ONE,8,Kingston ARC
VE3LC,4875,2E,516,5,NA,ONE,3,NA
VE3LNZ,686,3A,118,2,NA,ONE,25,VHARA
VE3LON,2444,7A,458,2,NA,ONS,50,NA
VE3MCF,314,1E,20,2,NA,ON,1,NA
VE3MGY,1450,1B1B,100,5,NA,ON,1,NA
VE3MIS,7496,12A,1882,2,VE3RCX,GTA,20,Mississauga ARC
VE3NAR,1646,4A,553,2,NA,ONS,8,Nortown ARC
VE3NSR,2290,3A,420,2,NA,ON,12,North Shore ARC
VE3ORF,4404,4A,1174,2,NA,ONE,40,3730 Group
VE3OSR,1406,2AC,323,2,NA,ONS,16,NA
VE3OW,4182,5A,1480,2,NA,ONS,23,NA
VE3PYG,988,1E,179,2,NA,ONE,1,NA
VE3QDR,7845,5AB,759,5,NA,ONE,5,Durham Region QRO Club
VE3RAB,292,1A,21,2,NA,GTA,3,Burlington ARC
VE3RAM,1416,2A,227,2,VE3ZZU,ONE,9,NA
VE3RB,4696,4A,1298,2,VE3KRG,ON,30,Peterborough ARES
VE3RC,3852,2A,844,2,VA3BIT,ONE,65,Ottawa ARC
VE3RCN,734,1B1,217,2,NA,ONS,1,NA
VE3RL,3036,3A,808,2,NA,ON,25,Quinte ARC / Prince Edward RC
VE3RSA,182,1D,33,2,NA,GTA,1,NA
VE3RSE,2085,4AB,167,5,NA,ONS,10,Elgin ARS
VE3SAR,2966,3A,665,2,VE3CGC,ONS,24,Lambton Co RC
VE3SB,2620,1B1B,237,5,NA,ON,1,NA
VE3SDF,344,1A,22,2,NA,ONS,5,St. Marys ARC
VE3SGB,2982,1A,937,2,NA,ONS,11,South Georgian Bay ARC
VE3SME,1770,6A,322,2,NA,ONS,12,Norfolk ARC
VE3SOO,2336,2A,598,2,NA,ONN,14,NA
VE3STP,452,2A,36,2,NA,ONE,3,Champlain Regional Rep Assn
VE3SWA,1810,5A,493,2,NA,ON,5,South Waterloo ARC
VE3TNC,3740,6A,718,2,VE3BGD,GTA,16,NA
VE3TW,80,1D,40,1,NA,ONE,1,NA
VE3UZ,1100,1B1B,85,5,NA,ONS,1,NA
VE3VID,158,1E,29,2,NA,ONE,1,NA
VE3VM,7394,8A,2359,2,VA3ROW,ONS,48,"Niagara Peninsula ARC, Inc."
VE3VSW,1072,2A,262,2,NA,ON,7,Seaway Valley ARC
VE3WDM,750,1B1B,50,5,NA,ON,1,NA
VE3XAT,588,1D,135,2,NA,ON,1,NA
VE3XR,8334,4A,2406,2,VE3AZA,GTA,37,Peel ARC
VE3YAA,4512,5E,1185,2,NA,ONS,10,NA
VE3YRA,4686,5A,1240,2,NA,GTA,69,NA
VE4BB,1446,3A,422,2,NA,MB,67,Winnipeg ARC
VE5JZ,350,1B1B,25,5,NA,SK,1,NA
VE5NN,1858,3A,434,2,NA,SK,26,Regina ARA
VE6AB,136,1C,43,2,NA,AB,1,NA
VE6AO,964,1E,814,1,NA,AB,12,NA
VE6ARC,362,2A,56,2,NA,AB,3,Peace Country ARC
VE6EX,3520,1AB,315,5,NA,AB,5,Alberta Clippers
VE6FT,1068,1A,434,1,NA,AB,12,Mayerthorpe Flying Tigers
VE6GD,184,1B1C,85,2,NA,AB,1,NA
VE6NQ,2622,1A,580,2,NA,AB,9,NA
VE6YOD,822,2AC,326,2,NA,AB,4,Cold Lake ARS
VE6ZC,655,1B1B,55,5,NA,AB,1,NA
VE7BQO,435,1B1B,19,5,NA,BC,1,NA
VE7CA,500,1D,125,2,NA,BC,1,NA
VE7CVA,2722,4F,863,2,NA,BC,32,NA
VE7HLW,70,1B1B,4,5,NA,BC,1,NA
VE7JKZ,1734,1B1,396,2,NA,BC,1,NA
VE7MIR,934,2A,109,2,NA,BC,10,NA
VE7MRP,74,1E,12,2,NA,BC,1,NA
VE7NA,996,1A,191,2,NA,BC,20,Nanaimo ARA
VE7NI,2400,1E,205,5,NA,BC,1,NA
VE7NOR,1496,2A,195,2,VA7XN,BC,10,North Okanagan RAC
VE7NSR,3722,2A,1049,2,VE7WRS,BC,28,North Shore ARC
VE7OGO,1288,3A,290,2,NA,BC,20,Orchard City ARC
VE7PCE,3036,2A,1043,2,NA,BC,25,EPCOM
VE7RAC,2508,5E,649,2,NA,BC,9,NA
VE7RAR,2806,2A,554,2,VA7ODY,BC,27,Richmond ARC
VE7RC,978,2A,89,2,NA,BC,13,Shuswap ARC
VE7SAR,7262,3A,1689,2,VE7HME,BC,30,Surrey ARC / SEPAR
VE7SCC,3246,3A,847,2,NA,BC,35,"Coquitlam/Burnaby/,NewWest ARCs"
VE7SUN,3480,8A,703,2,NA,BC,17,Delta Amateur Radio Society
VE7TJL,186,1E,18,2,NA,BC,1,NA
VE7USX,256,1B1,3,2,NA,BC,1,NA
VE7UT,1938,2A,358,2,NA,BC,27,Kamloops ARC
VE7VCC,2118,4A,470,2,NA,BC,25,West Coast Ara
VE7VCT,2308,3A,366,2,VA7VCT,BC,100,Vancouver Em Community Telecom Org
VE8YK,1270,2AB,42,5,NA,NWT,10,Yellowknife ARS
VE9CRM,612,1A,181,2,NA,MAR,15,Club de RA du Madawaska
VE9EMM,2040,3A,402,2,NA,MAR,15,MAARC / Tri-Co ARC
VE9ND,2032,3A,344,2,NA,MAR,20,NA
VK4TT,132,1D,33,2,NA,DX,1,NA
VO1AA,1212,2A,96,2,NA,NL,18,Soc of Newfoundland Radio Amateurs
VO1MRC,510,1AB,6,5,NA,NL,8,Marconi RC of Newfoundland - Signal Hill Splinter Group
W1AAT,228,1E,39,2,NA,VT,1,NA
W1ACT,2858,2A,781,2,N1JOY,EMA,11,Briston Co Rep Assn
W1AF/M,388,2C,66,2,NA,EMA,2,NA
W1AQ,3762,1A,980,2,NA,RI,13,Associated Radio Amateurs of Southern NE
W1AVK,282,1D,116,2,NA,CT,1,NA
W1AW,470,1F,225,1,NA,CT,1,NA
W1BAA,1754,3A,224,2,K1LEE,ENY,30,Southern Berkshire ARC
W1BIM,8204,7A,2178,2,WA1WTQ,WMA,37,NA
W1BOS,2122,3A,446,2,NA,EMA,10,Boston ARC
W1BRS,4278,9F,988,2,NA,CT,18,NA
W1CLA,3260,3A,947,2,WX1CLA,EMA,53,Clay Center ARC
W1CUM,1206,2A,386,2,NA,NH,10,NHRC ARS
W1CWA,2426,3A,345,2,KB1YNT,CT,71,Bloomfield ARC
W1DDD,6006,2A,1482,2,W1TBR,RI,38,Blackstone Valley ARC
W1ECH,3405,1E,335,5,NA,VT,1,NA
W1ECV,2152,3AC,759,2,NA,CT,13,Southington ARA
W1EDH,2168,4A,461,2,NA,CT,13,Middlesex ARS
W1EE,8910,3A,2550,2,K1FC,CT,78,Stamford ARA
W1FZ,1968,2A,377,2,N1YGH,NH,7,Great Bay RA
W1GLO,1710,3A,313,2,KB1PGH,EMA,35,NA
W1GZ,1538,3A,265,2,N1QDX,WMA,12,Montchusett ARA
W1HP,5916,2A,1544,2,NA,EMA,15,Philips ARC
W1IEM,636,2F,43,2,NA,EMA,10,NA
W1IS,7355,3AB,722,5,NA,EMA,40,"PART of Westford, MA"
W1JCW,1970,1C,324,5,NA,OK,11,NA
W1JY,3162,5A,522,2,W1CNH,NH,26,Central NH ARC
W1KOO,2504,2F,810,2,NA,VT,19,NA
W1KVI,696,1A,81,2,NA,ME,14,Portland Amateur Wireless Assn.
W1KX/1,2046,1A,451,2,NA,ME,7,Bass Hill Repeater Group
W1LAS,1466,2F,605,2,NA,CT,11,NA
W1LIC,322,1D,71,2,NA,WCF,1,NA
W1LVT,170,1B1B,12,5,NA,VT,1,NA
W1LY,11130,2A,3354,2,W1SYE,RI,64,Newport Co RC / Sakonnet 49ers
W1M,2325,1B2B,426,5,NA,ME,2,NA
W1MB,2760,2A,494,2,W1MB,RI,15,Fidelity ARC
W1MWV,4112,3A,941,2,N3LYT,NH,20,White Mtn ARC
W1N,2742,6A,720,2,NA,EMA,43,"Whitman ARC, Inc."
W1NP,6810,3A,1755,2,K1PBO,EMA,25,Barnstable ARC
W1NPP,994,2F,294,2,N1OXA,ME,8,Androscoggin ARC
W1NRG,4358,2A,944,2,W1FD,CT,20,Meriden ARC
W1NV,570,1E,44,5,NA,SV,1,NA
W1NVT,13876,2A,4547,2,W1PU,VT,30,Radio Amateurs of No VT
W1NY,7966,5A,2387,2,NA,WMA,50,Hampden Co RA
W1OP,5600,2A,1740,2,W1PRA,RI,13,Providence RA
W1PBR,2222,2A,364,2,W1PBR,ME,15,Pen Bay ARC
W1QI,5110,2A,1190,2,NA,CT,25,Candlewood ARA
W1QV,1174,1F,333,2,NA,CT,13,NA
W1SAT,3395,9F,185,5,NA,ORG,40,NA
W1SMH,2512,3A,563,2,NA,EMA,15,Sturdy Memorial Hospital ARC
W1TKZ,548,2AC,42,2,NA,EMA,21,Wellesley ARS
W1TU,4140,2A,823,2,KB1NEB,ME,20,Ellsworth Amateur Wireless Assn
W1UR,5124,2A,1593,2,W1BST,NH,46,Lake Region Rep Assn
W1VCM,67,2D,66,1,NA,CT,5,NA
W1VD,308,1E,104,2,NA,CT,1,NA
W1WAB,422,1D,76,2,NA,WCF,1,NA
W1WIU,185,1D,152,1,NA,RI,1,NA
W1YAR,1050,1AB,80,5,NA,ME,6,Yarmouth RC
W1ZR/MM,160,1C,5,2,NA,CT,2,NA
W2AE,4092,4A,765,2,NA,WNY,39,NA
W2AMC,2290,3A,455,2,NA,NLI,29,NA
W2BK,1760,2D,805,2,NA,ENY,10,NA
W2CM,2026,3A,483,2,K9CHP,WNY,54,Liverpool ARC
W2CRA,2514,4A,430,2,NA,NNJ,25,Cherryville Rep Assn II
W2DPT,2055,1E,171,5,NA,NNJ,1,NA
W2EB,500,1B1B,25,5,NA,WNY,1,NA
W2EF,2900,1F,595,2,NA,NNJ,8,NA
W2EGB,1920,2A,735,2,NA,ENY,20,East Greenbush ARA
W2EOC,1360,2F,361,2,KD2DO,WNY,11,NA
W2EUP,1022,3A,380,2,NA,WNY,15,Buffalo AR Rep Assn
W2FHA,2086,5A,318,2,NA,WNY,12,NA
W2GL,1364,3AC,413,2,NA,NLI,3,LI-QRP
W2GSA,3100,2F,744,2,W2XYZ,NNJ,22,NA
W2GSB,6938,5F,1738,2,W2TOB,NLI,60,NA
W2HO,3670,5A,875,2,KC2ZFO,ENY,75,Orange Co ARC
W2LRC,1746,2A,489,2,KC2TAF,NLI,22,Larkfield ARC
W2LV,8772,4A,2622,2,KD2DTD,NNJ,32,Sussex Co ARC
W2LZ,3235,2AB,274,5,W2CD,WNY,10,Walton RA
W2MMD,11638,11A,2937,2,NA,SNJ,35,NA
W2MO,1190,2A,155,2,NA,WNY,13,Madison-Oneida ARC
W2MPX,1620,4F,185,2,NA,NNJ,30,NA
W2MRD,418,1E,84,2,NA,ENY,1,NA
W2NYW,2040,1A,768,2,NA,ENY,14,Peekskill / Cortlandt ARA
W2OFQ,2868,2A,660,2,N2MG,WNY,12,Rome RC
W2ORC,3084,2F,654,2,WA2DQL,WNY,26,NA
W2OW,1800,3A,338,2,NA,WNY,18,Binghamton ARA
W2PE,1984,4AC,584,2,NA,WNY,20,Radio Assn of WNY
W2PQG,182,1D,16,2,NA,NNJ,2,NA
W2QYV,21,1D,21,1,NA,WNY,10,NA
W2RDX,13438,3A,3530,2,W2AN,WNY,30,Rochester DX Assn
W2RME,2616,4A,543,2,NA,WNY,21,Chenango Valley ARA
W2RR,90,1D,20,1,NA,WNY,1,NA
W2RUI,1160,4A,136,2,NA,WNY,26,LARA
W2SO,3458,5A,867,2,NA,WNY,19,Lancaster ARC
W2UIS,20,1D,10,2,NA,ENY,1,NA
W2VL,5504,5A,1456,2,NA,NLI,107,Long Island Mobile ARC
W2WCR,1038,3A,194,2,NA,ENY,23,Warren Co RC
W2XRX,3488,3A,976,2,NA,WNY,19,NA
W2YD,3192,2A,698,2,NA,NNJ,8,Morris RC
W2YRC,2064,3A,372,2,KF2FK,ENY,70,Yonkers ARC
W2ZJ,718,2A,63,2,NA,WNY,10,ARA of the Southern Tier
W2ZQ,562,2D,56,2,NA,SNJ,15,NA
W3ACH,1892,3A,349,2,NA,WPA,35,Cumberland Valley ARC
W3AD,1080,2AC,465,2,NA,EPA,25,Lancaster Radio Transmitting Soc
W3AG,402,1C,63,2,NA,IL,1,NA
W3AI,7116,5A,1944,2,NA,EPA,25,NA
W3AO,33724,29A,10275,2,KE3Q,MDC,113,Potomac Valley RC / Columbia ARA
W3AW,532,1C,96,2,NA,IL,1,NA
W3BN,2718,2A,634,2,W3CCH,EPA,40,NA
W3BSA,932,2A,261,2,NA,MDC,8,BSA Venturing Crew 80
W3CB,1040,1D,216,2,NA,MDC,1,NA
W3CDI,1688,2A,377,2,NA,MDC,7,BPI Alumni RC
W3CSL,1346,3A,210,2,NA,WPA,27,Monessen ARC
W3CU,3134,4A,674,2,NA,MDC,42,Maryland Mobileers ARC
W3CWC,3484,6A,626,2,W3HAG,MDC,30,NA
W3EK,630,1E,96,5,NA,DE,1,NA
W3EM,4302,5A,1216,2,W3PSH,EPA,40,Phil-Mont Mobile RC
W3EOC,1538,2F,334,2,NA,EPA,15,Chester Co. ARES/RACES
W3FFZ,270,1B1,30,2,NA,WPA,1,NA
W3FME,430,1D,140,2,NA,DE,4,NA
W3GV,1418,4A,469,2,NA,WPA,12,RA of Erie
W3HA,3074,2A,770,2,NA,EPA,6,Carbon ARC
W3HAC,468,2E,50,2,NA,MDC,10,NA
W3HGT,3360,1E,1351,2,NA,WPA,6,NA
W3HZU,3426,3A,878,2,W3ZGD,EPA,26,Hilltop Transmitter Assn & Keystone VHF Club
W3KDR,4500,1A,1484,2,NA,MDC,8,Dr. Loomis Mem Jr Mechanics League
W3KGN,2312,3F,521,2,NA,EPA,12,NA
W3KS,978,1E,364,2,NA,DE,1,NA
W3LIF,570,3AC,260,2,NA,WPA,18,Mercer Co ARC
W3LRC,1432,2A,311,2,NA,MDC,25,Laurel ARC
W3LRS,946,2AC,208,2,NA,DE,7,Lewes ARS
W3M,7444,4A,1953,2,KV3B,MDC,43,Montgomery ARC
W3MEO,210,1B1B,11,5,NA,MDC,1,NA
W3MIE,4996,2A,1130,2,N3QQH,WPA,22,Crawford ARS
W3NCR,394,1D,86,2,NA,MDC,1,NA
W3NWA,2302,2A,503,2,W3ZV,EPA,54,Mid-Atlantic ARC
W3OC,2280,2A,654,2,NA,WPA,25,NA
W3OI,1654,3F,348,2,W3GRD,EPA,34,NA
W3OK,2541,3A,1086,1,WX3MAS,EPA,68,Delaware Lehigh ARC
W3PBC,1935,2AB,174,5,NA,EPA,4,French Creek QRP Renegades
W3PGA,3552,3A,678,2,NA,MDC,52,Aero ARC
W3RA,1550,4A,302,2,NA,WPA,8,Allegheny Valley RA
W3RP,1928,2A,405,2,NA,WPA,5,Crown Radio Group
W3SFG,574,1B1C,131,2,NA,MDC,1,NA
W3SGJ,1462,4A,349,2,NA,WPA,26,Beaver Valley ARA
W3SK,3522,5A,841,2,NA,EPA,20,Penn Wireless Assn
W3SW,1992,2B2,713,2,NA,WNY,2,NA
W3T,4640,5AC,1084,2,K3ZMC,EPA,61,Pottstown Area ARC
W3TCA,1798,4A,356,2,NA,WPA,24,Tri-Co ARC
W3TS,5370,1B1B,492,5,NA,EPA,1,NA
W3UAS,932,4A,141,2,W3UAS,MDC,12,Unallocated Space
W3UDX,3194,4A,732,2,AA3YW,WPA,12,Butler Cty ARA
W3UU,1468,3A,438,2,NA,EPA,20,Harrisburg Radio Amateurs Club
W3VPJ,5206,3E,1089,2,NA,EPA,23,NA
W3VPR,6688,10A,1577,2,NA,MDC,104,NA
W3WOT/4,212,1E,56,2,NA,NC,1,NA
W3WRC,831,3A,501,1,NA,SV,4,World RC
W3WT,1660,1B1B,133,5,NA,EPA,1,NA
W3YA,1855,3E,961,1,NA,WPA,6,NA
W3YI,648,2AC,168,2,NA,WPA,6,Panther ARC
W3YXE,1126,5A,223,2,NA,WPA,25,NA
W3ZIC,2458,6A,479,2,WM3G,WPA,10,Fort Venango Mike & Key Club
W4AAZ,2946,5F,770,2,KI5FR,NFL,14,NA
W4AM,3824,4A,1227,2,NA,TN,23,Chattanooga ARC
W4AP,6354,2A,1519,2,AK4ZE,AL,75,Montgomery ARC
W4ATD,2970,2A,855,2,KB4CAY,AL,18,Decatur ARC
W4BBB,2650,4A,681,2,NA,TN,51,RAC of Knoxville
W4BFB,3452,3A,1020,2,NA,NC,36,NA
W4BFT,1166,2A,165,2,NA,SC,24,Beaufort Radio Amateur Group
W4BI,950,2A,220,2,NA,AL,8,NA
W4BKM,942,2F,446,2,NA,GA,25,NA
W4BOC,4510,4A,844,2,KK4NFV,GA,78,Alford Memorial RC
W4BTI,2422,3A,490,2,NA,GA,40,Kennehoochee ARC
W4BV,2238,3A,615,2,W4LCS,TN,8,Lincoln Co ARA
W4BWQ,370,1D,160,2,NA,NFL,1,NA
W4C,2358,2A,443,2,KI4OAS,TN,16,Tri-Co FD
W4CA,4324,3A,1040,2,AB4A,VA,27,Roanoke Valley ARC
W4CAE,4450,5A,939,2,W4RWL,SC,83,Columbia ARC
W4CAR,1962,4A,499,2,W4FOS,VA,25,Chesapeake ARS
W4CDA,4256,2A,946,2,WQ4Z,KY,25,Wilderness Road ARC
W4CLQ,86,1D,13,2,NA,OH,1,NA
W4CN,2884,2A,791,2,NA,KY,60,AR Transmitting Soc of Louisville
W4COV,2068,3F,676,2,NA,VA,8,NA
W4CQ,2564,2F,569,2,W4WBT,NC,17,NA
W4CRA,1042,2A,62,2,W4R,NFL,25,Citrus Co ARC
W4CUL,5250,3A,1254,2,AE4ML,VA,8,Culpeper Area Rep Assn
W4CV,3508,3A,757,2,KT4BW,TN,11,Cumberland Plateau ARC
W4CVY,6144,4A,1569,2,NA,GA,43,Columbus ARC / Russell Co RC
W4CW,2714,4A,536,2,NA,NFL,20,Sun Country ARS
W4DCG,220,1F,27,2,NA,NC,10,NA
W4DFG,4456,3F,1802,2,W4DRH,SC,25,NA
W4DGH,6090,3AB,624,5,NA,AL,10,North DeKalb QRP Club
W4DO,3400,3A,845,2,NA,VA,43,Albemarle ARC
W4DRC,840,2A,40,2,NA,GA,20,Dalton ARC
W4DUX,1716,3A,310,2,NA,WCF,17,Peace River RA
W4DV,2136,3A,416,2,NA,GA,19,ARC of Augusta
W4DW,10948,6A,3909,2,W4RNC,NC,35,Raleigh ARS
W4DXA,9738,3E,2862,2,NA,SC,15,NA
W4ECA,1906,3F,450,2,NA,GA,13,NA
W4EEE,740,1B1,345,2,NA,GA,1,NA
W4EON,750,1E,175,2,NA,VA,1,NA
W4EZ,17675,9AB,1832,5,NA,NC,47,Orange Co Radio Amateurs / Durham FM Assn
W4F,3940,4F,1018,2,NA,SFL,32,NA
W4FAR,452,2AC,76,2,NA,NC,10,NA
W4FCR,5356,4A,1181,2,NA,VA,9,Franklin Co ARC
W4FCV,1598,2A,302,2,W4VZH,VA,20,Floyd ARS
W4FD,2594,2A,450,2,NA,NC,30,NA
W4FPC,1104,4AC,299,2,NA,NFL,8,Flagler Palm Coast ARC
W4GBR,998,1A,265,2,NA,AL,15,DeKalb Co ARC
W4GGM,4096,6A,912,2,NA,TN,40,Maury ARC
W4GHS,283,1E,83,1,NA,VA,1,NA
W4GJ,9936,4E,2463,2,NA,NFL,6,NA
W4GR,10108,8A,2781,2,K4KME,GA,136,Gwinnett ARS
W4GS,1440,4F,375,2,NA,SC,40,NA
W4GTA,1636,3A,322,2,NA,GA,10,Tri-States ARC
W4GWD,1372,2A,394,2,NA,SC,8,Greenwood ARS
W4GZX,1696,3A,334,2,NA,TN,93,Cleveland ARC
W4HAW,2938,3A,769,2,K4WPB,SFL,72,West Palm Beach ARG
W4HDW,336,1D,93,2,NA,VA,5,NA
W4HFH,2424,5A,607,2,KK4JQQ,VA,30,Alexandria RC
W4HOD,1230,2E,321,2,NA,AL,5,NA
W4HS,3434,5A,801,2,NA,NC,25,Wayne Co ARA
W4HZL,1098,1A,169,2,NA,VA,10,Middle Peninsula ARC
W4IBM,1210,3A,323,2,NA,GA,16,IBM ARC / Lockeed ARC
W4ILB,838,2E,244,2,NA,SC,2,NA
W4IT,5035,2E,451,5,NA,SC,3,NA
W4IY,19924,9A,5762,2,KJ4VHI,VA,32,Woodbridge Wireless
W4J,2964,3A,790,2,NA,SFL,46,JTRG
W4K,1226,2E,358,2,NA,NC,6,NA
W4KBL,1622,3A,261,2,NA,KY,31,NA
W4KVK,802,2A,43,2,NA,KY,15,Henderson ARC
W4LBT,522,2F,50,1,NA,NC,3,NA
W4LDA,1440,1B1B,129,5,NA,GA,1,NA
W4LHS,1404,3A,527,2,NA,GA,19,Coastal ARS
W4LX,3004,4A,479,2,KK4RYG,SFL,20,Fort Myers ARC
W4MDF,82,1D,16,2,NA,NC,1,NA
W4MHG,908,4A,150,2,NA,GA,4,Mile Highlanders Group
W4MIN,1088,2F,241,2,NA,WCF,8,NA
W4MLB,6968,2A,2294,2,AF4Z,SFL,35,Platinum Coast ARS
W4MM,1480,2A,255,2,NA,GA,14,NA
W4NBF,95,1B1B,7,5,NA,AR,1,NA
W4NC,5722,3F,1574,2,W4WS,NC,24,NA
W4NHO,1450,1D,300,2,NA,KY,2,NA
W4NJA,7380,3A,1965,2,KK4RGM,KY,26,Paducah ARA
W4NNK,1778,2A,543,2,NA,VA,8,Rappahannock ARA
W4NPT,3318,3A,699,2,NA,WCF,16,North Port ARC
W4NT,12212,3E,3969,2,NA,GA,7,NA
W4NUN,1984,3A,457,2,NA,GA,5,South Georgia ARC
W4NYK,2540,3A,497,2,NA,SC,21,Blue Ridge ARS
W4ODR,1972,4A,961,2,NA,TN,15,West TN MARS
W4OHH,300,1F,65,2,NA,GA,5,NA
W4OLB,4486,5A,905,2,NA,TN,28,NA
W4OVH,2312,4A,482,2,W4PVA,VA,32,"Ole Virginia Hams ARC, Inc."
W4PEM,1732,2F,178,2,NA,WCF,7,NA
W4POX,1540,3A,118,2,NA,VA,30,Porthmouth ARC / ARES
W4QN,10254,3A,3356,2,NA,SFL,20,Lighthouse AR Alliance
W4QR,3142,3A,849,2,W4HPT,VA,73,SPARK
W4RAT,2396,2A,762,2,W4ZA,VA,38,RATS / RARC Joint Operation
W4RKC,3010,4A,687,2,NA,VA,16,Shenandoah Valley ARC
W4RYZ,2564,2F,471,2,NA,NFL,26,NA
W4SHL,6570,6F,1662,2,KV4LQ,AL,30,NA
W4SLC,884,2A,506,1,KK4RLZ,SFL,15,Saint Lucie Co. ARES
W4SNC,4780,5A,1399,2,NA,NC,30,Iredell Co ARS
W4SS,3752,2A,942,2,AI4PW,SFL,15,Palms West ARC
W4SVI,3688,9A,741,2,K4JVA,SFL,28,Everglades ARC
W4T,314,6AC,32,2,NA,TN,10,Unicoi Co ARA
W4TA,6262,4A,1408,2,W4GAC,WCF,66,Saint Petersburg ARC
W4TFR,844,1D,357,2,NA,GA,3,NA
W4TIY,1332,3A,261,2,NA,GA,16,Paulding ARC
W4TKB,55,1B1B,1,5,NA,WCF,1,NA
W4UA,1576,3AC,553,2,NA,NC,25,High Point ARC
W4UC,1036,4A,93,2,NA,NFL,39,Five Flags ARA
W4UCJ,6906,3F,1818,2,NY4D,GA,46,NA
W4UD,6418,3A,1769,2,NA,TN,62,Bristol ARC
W4UG,8312,4A,2167,2,NA,VA,47,Va Beach ARC / VADXCC
W4UOT,2316,3A,287,2,NA,TN,20,Middle TN ARS
W4UT,3555,1E,344,5,NA,TN,1,NA
W4VA,7064,3A,1674,2,KX4O,VA,17,Fauquier ARA
W4VHF,286,1D,236,1,NA,VA,1,NA
W4VIY,4514,3A,1045,2,NA,NFL,10,NA
W4VLD,2770,3E,1160,2,NA,GA,3,NA
W4WFF,252,2F,101,2,NA,VA,8,NA
W4WS,2252,5A,512,2,NA,NC,7,Forsyth ARC-Hobby Park
W4WVP,716,2AC,208,2,NA,VA,10,Arlington ARC
W4XD,6234,2A,1652,2,K4MRA,VA,89,Massanutten ARA/ Valley ARA
W4XI,4474,2A,1387,2,NA,AL,15,Tuscaloosa ARC
W4XK,466,1D,104,2,NA,TN,1,NA
W4XR,5964,3A,2016,2,NA,VA,14,Fluvanna ARES Group
W4YCC,1620,1A,594,2,NA,OH,6,York Co Contesters
W4YK,5932,3A,1345,2,NA,NC,56,Blue Ridge ARC
W4YMI,3038,2A,974,2,K4TRP,NC,16,Carteret Co ARS
W4YS,336,1B2,93,2,NA,SB,2,NA
W4ZBB,1372,1A,194,2,NA,NFL,13,Playground ARC
W4ZHR,7002,3AC,1880,2,N4ZUM,AL,24,Zamora RC
W4ZPR,460,1C,65,2,NA,VA,1,NA
W5ABD,674,2A,49,2,NA,LA,11,Westside ARC
W5ANR,5420,5A,1232,2,NA,AR,20,Fort Smith Area ARC
W5AQA,1234,2A,317,2,NA,NM,13,Socorro ARA
W5AUU,2270,2A,511,2,AE5NW,AR,50,NA
W5BCR,1804,2F,647,2,KF5WCA,NTX,13,NA
W5BCS,1554,2A,393,2,NA,STX,65,Bryan ARC
W5BII,3606,2A,1318,2,W5LLH,LA,34,SW LA Am Rep Club
W5BMC,2124,2F,577,2,NA,LA,25,NA
W5CCW,2788,2A,700,2,NA,MS,5,ARC of Amite Co
W5CSC,2192,3A,435,2,NA,OK,20,Southern OK DXC
W5CT,10192,2E,3137,2,NA,STX,6,NA
W5DDL,3208,2A,964,2,W5EXI,LA,34,"Acadiana ARA, Inc."
W5DPT,111,2D,41,1,NA,STX,3,NA
W5DRZ,2230,7A,417,2,KF5TZM,OK,40,Broken Arrow ARC
W5ECO,3030,2F,651,2,NA,STX,17,NA
W5ES,1032,2A,241,2,NA,WTX,12,El Paso ARC
W5F,502,3AC,158,2,NA,STX,5,Hill Country Mtn Toppers Assn
W5FC,3522,4A,1019,2,NA,NTX,100,Dallas ARC
W5GAD,1160,2A,250,2,NA,LA,20,Jefferson ARC
W5HLP,394,1E,120,2,NA,NTX,1,NA
W5HRC,1248,3A,148,2,NA,NTX,4,Hurst ARC
W5HUM,1014,3A,130,2,NA,AR,10,Ouachita ARA
W5HVL,1280,4E,241,2,NA,STX,10,NA
W5IU,4454,4A,1148,2,NA,NTX,42,NA
W5JAS,940,3AC,87,2,NA,STX,15,Lakes Area ARC
W5JBO,694,1D,161,2,NA,STX,1,NA
W5JEP,122,1D,36,2,NA,AR,1,NA
W5K,1692,2A,289,2,W5GWD,MS,20,Chickasaw ARA
W5KA,3806,3A,698,2,K5LBJ,STX,150,Austin ARC
W5KTC,2710,2A,486,2,NA,STX,6,Port Lavaca ARC
W5LOC,964,2F,220,2,NA,STX,4,NA
W5LR,2006,2A,468,2,NA,AR,40,North Arkansas ARS
W5LRD,956,2A,201,2,NA,STX,16,Laredo Hams ARC
W5LRS,366,2AC,141,2,KB5TMD,LA,16,Livingston ARS
W5MAG,2064,3A,587,2,NA,AR,10,Mt Magazine ARC
W5MEL,2484,3A,457,2,NA,OK,10,OKC Autopatch Assn
W5MPZ,2632,2A,596,2,NA,NM,17,Sandia National Labs ARC
W5MRC,3870,3A,818,2,NA,NTX,22,McKinney ARC
W5MT,88,3AC,44,2,NA,LA,5,Southeast Louisiana ARC
W5NC,1090,1A,299,2,NA,STX,41,NA
W5NEM,4598,4F,903,2,KE5LUX,MS,59,NA
W5NFL,494,2E,122,2,NA,NTX,22,NA
W5OBM,5734,2A,1847,2,KW5GP,MS,28,Olive Branch ARC
W5ODS,3305,1B2B,297,5,NA,OK,2,NA
W5PAA,1510,2A,349,2,NA,OK,34,Aeronautical Center ARC
W5PDO,2132,2A,482,2,NA,NM,20,Los Alamos ARC
W5PFC,1458,2A,248,2,N5WDG,MS,18,NA
W5PMS,2512,2A,408,2,K5RDA,MS,48,Pearl River ARC
W5QLF,90,1D,10,2,NA,STX,1,NA
W5QX,1942,3A,307,2,W5MAT,WTX,66,San Angelo ARC
W5RE/MM,1750,1C,325,2,NA,NFL,1,NA
W5ROK,2130,2E,395,2,NA,NTX,5,NA
W5ROS,3870,3E,399,5,NA,STX,10,NA
W5RTA,2390,3D,718,2,NA,STX,6,NA
W5SAF,282,1F,15,2,NA,NM,10,NA
W5SC,2472,4A,504,2,NA,STX,23,San Antonio RC
W5SCA,1336,4A,165,2,NA,NM,5,Sandoval Co ARES
W5SGL,1290,4AC,215,2,NA,MS,29,MS Coast ARA
W5SH,4974,4A,1157,2,NA,NTX,42,NA
W5SLA,684,3F,133,2,NA,LA,22,NA
W5SSV,1478,3E,296,2,NA,STX,35,NA
W5TB,912,2D,226,2,NA,NTX,3,NA
W5TBM,3376,4A,796,2,K5PBA,NTX,20,Texas Baptist Men
W5TQ,850,1F,205,2,NA,STX,1,NA
W5TTY,152,1D,51,2,NA,STX,1,NA
W5UGD,664,1E,197,2,NA,SC,4,NA
W5UMS,3072,2A,771,2,NA,MS,15,Univ of MS ARC
W5UR,13492,5A,4053,2,NA,NM,16,Albuquerque DX Assn
W5VDM,205,1E,15,5,NA,STX,1,NA
W5WB,4414,3AC,1045,2,W5AUY,NTX,49,SW Dallas Co ARC
W5WCR,1566,4F,321,2,NA,STX,5,NA
W5WHN,852,1B2,64,2,NA,NM,2,NA
W5WQ,2476,1A,753,2,NA,MS,16,Southwest MS ARC
W5WTM,2166,2A,497,2,KE5KVR,STX,34,Matagorda Co ARC
W5WX,2692,2A,543,2,NA,WTX,15,Panhandle ARC
W5WZ,6028,2E,2384,2,NA,LA,6,NA
W5XU,6204,3A,1605,2,K5LSU,LA,55,Baton Rouge ARC
W5YA,15865,3AB,1536,5,K5SSR,NM,11,Rancho Escondido ARC
W5YD,7516,3A,1721,2,N5F,MS,24,W5YD ARC
W5ZDN,3788,2A,1056,2,W5TSA,NTX,56,Heart O' Texas ARC
W5ZR,10538,2A,3171,2,W5RZY,LA,30,LA Cane Field CC
W5ZU,2320,5A,386,2,NA,NM,15,Pecos Valley ARC
W6AAJ,364,1D,157,2,NA,SDG,1,NA
W6AB,3454,3E,710,2,NA,SB,19,NA
W6ABR,524,1F,187,2,NA,SF,7,NA
W6ACS,1350,3A,298,2,NA,ORG,20,OCRACES
W6AFA,2304,1E,1077,2,NA,LAX,1,NA
W6AJF,2248,3A,472,2,NA,SF,15,Valley of the Moon ARC
W6AK,734,3A,192,2,NA,SV,7,NA
W6ARA,14172,4A,4308,2,W6OTX,SCV,115,Palo Alto ARA
W6BA,2050,4A,529,2,NA,ORG,15,NA
W6BBL,690,2E,160,2,NA,ORG,3,NA
W6BW,1340,2A,265,2,KJ6JZU,SJV,12,Mountain ARC
W6BXN,3228,5A,934,2,NA,SJV,33,Turlock ARC
W6CPD,1262,2F,270,2,NA,ORG,15,NA
W6CSA,566,2D,258,2,NA,MS,1,NA
W6CT,290,1D,35,2,NA,SCV,1,NA
W6CX,1852,3A,400,2,NA,EB,45,Mt Diablo ARC
W6DOJ,1250,3E,880,1,NA,SV,4,NA
W6EK,2634,4A,608,2,WB6VYH,SV,40,Sierra Foothills ARC
W6ERE,2528,9A,410,2,K6JRO,SJV,29,Stanislaus ARA
W6GF/7,990,1B1B,158,5,NA,WY,1,NA
W6GV,5700,1AB,525,5,NA,SJV,5,NA
W6HA,2330,3A,459,2,KG6NWJ,LAX,39,Hughes ARC
W6IER,632,3A,80,2,NA,ORG,24,Inland Empire ARC
W6IES,1414,3A,449,2,NA,SF,50,Humboldt ARC / Redwood ARC
W6JW,984,3A,157,2,NA,LAX,11,Santa Clarita ARC
W6KA,3624,4A,1086,2,NA,LAX,67,Pasadena RC
W6KB,9254,2A,2832,2,W6SG,SF,42,REDXA & Marin ARS
W6KYF,346,1E,24,2,NA,SCV,1,NA
W6LPW,370,1B1B,22,5,NA,SCV,1,NA
W6MLI,984,2A,93,2,NA,SDG,116,Coronado Emerg Radio Ops
W6NAG,266,2D,108,2,NA,SCV,2,NA
W6NW,3768,1A,1388,2,NA,SJV,7,RAA / BVARC
W6NWG,10370,5A,2752,2,KG6JEI,SDG,200,Palomar ARC
W6PRC,1758,4A,183,2,NA,ORG,29,San Gorgonio Pass ARC
W6PW,2940,6A,463,2,NA,SF,20,NA
W6PWT,748,2F,259,2,NA,ORG,4,Corona Norco ARC
W6QAR,4406,2E,1296,2,NA,SDG,8,NA
W6R,3246,2A,1193,1,N6KKS,SCV,25,Paso Robles ARC
W6RKC,1150,1E,275,2,NA,SV,1,NA
W6RO,2162,4A,295,2,NA,LAX,32,ARALB
W6RQR,222,1D,18,2,NA,SV,1,NA
W6SBA,1958,2A,376,2,NA,LAX,17,South Bay ARC
W6SCE,1298,4A,223,2,NA,LAX,12,Edison AR Network
W6SCF,2030,2A,268,2,W6NZH,SCV,44,SC4 ARC
W6SD,2276,3A,446,2,NA,LAX,35,NA
W6SF,920,2A,235,2,NA,SJV,17,Stockton-Delta ARC
W6SFM,2906,2A,484,2,NA,SV,18,Samuel F Morse ARC
W6SJC,1976,2A,282,2,KF6IIY,SCV,29,San Jose ARES / RACES
W6SL,5034,2A,1309,2,NA,SB,10,Beach Boys ARC
W6SW,5332,3A,1604,2,K6F,SJV,11,San Andreas Faultline Survivors
W6SX,2518,1D,617,2,NA,SJV,1,NA
W6TO,2432,2A,491,2,NA,SJV,20,Fresno ARC
W6TOI,4380,4A,1469,2,NA,LAX,35,Downey ARC
W6TRW,5416,7A,1731,2,K6OUE,LAX,34,NA
W6UB,1070,1B1B,102,5,NA,TN,1,NA
W6UQ,4930,2A,1397,2,K6VJ,SCV,28,San Mateo RC
W6UUS,1890,2A,331,2,NA,SDG,63,NA
W6UW,2144,2A,506,2,W6UU,SCV,35,Santa Clara ARA
W6V,3260,3A,603,2,WY6L,SJV,22,San Joaquin Valley ARS
W6WC,3506,4F,696,2,KK6EZR,ORG,6,NA
W6YAR,2122,3A,364,2,NA,SV,36,Yolo ARS / Yolo ARES/  UCDARC
W6YV,708,2A,79,2,NA,LAX,3,USC ARC
W6YX,16074,9F,4685,2,K6SU,SCV,51,NA
W6ZE,21258,12A,6859,2,W6BAC,ORG,108,NA
W7AIA,3390,4A,832,2,K7JAO,WWA,200,NA
W7AQ,806,3A,128,2,NA,EWA,8,Yakima ARC
W7AZO,1236,1A,310,2,NA,AZ,22,4X4 Ham
W7BAR,1476,5A,130,2,NA,UT,40,Borderline ARC
W7BBO,760,1B1B,52,5,NA,WWA,1,NA
W7BI,1744,2A,327,2,KG7DTK,WWA,23,Issaquah ARC
W7CD,1060,1B1B,53,5,NA,WWA,1,NA
W7CGA,646,1C,99,2,NA,NM,1,NA
W7CH,750,1B2,250,2,NA,EWA,2,NA
W7DAU,500,1E,50,5,NA,OR,1,NA
W7DG,728,3F,339,2,NA,WWA,8,NA
W7DK,2822,4E,711,2,NA,WWA,43,NA
W7DRC,2605,3AB,312,5,NA7UT,UT,24,Dixie ARC
W7DTA,3214,2A,879,2,K7TFC,OR,32,Rogue Valley ARC
W7DTV,790,3AC,394,2,NA,OR,10,Skyline Tower ARC
W7DXQ,586,2A,160,2,NA,MT,10,Lower Yellowstone ARC
W7EAT,1142,2B2,191,2,NA,WWA,2,NA
W7ECA,4104,2F,910,2,N7VJW,MT,34,NA
W7ED,2778,2A,841,2,NA,MT,20,Gallatin HRC
W7EEI,106,1E,28,2,NA,OR,1,NA
W7EH,1684,4A,246,2,NA,AZ,22,Kachina ARC
W7EK,1968,3AC,457,2,NA,WWA,30,Cascade RC
W7EL,3610,1B2B,326,5,NA,OR,2,NA
W7FEL,1356,3A,324,2,NA,WWA,22,Clallam Co ARC
W7FST,3760,3AB,298,5,NA,NV,12,Reno QRP Group
W7FTX,1016,1A,258,2,NA,MT,31,Bitterroot ARC
W7GB,1420,1E,280,2,NA,EWA,1,NA
W7GHJ,1586,2A,170,2,NA,EWA,8,NE WA ARC
W7GRA,1130,3A,301,2,NA,OR,5,NA
W7HAV,604,1A,20,2,NA,MT,14,NA
W7HBP,234,1B2,42,2,NA,EWA,2,NA
W7IVM,3054,5A,679,2,NA,UT,70,NA
W7IWW,650,1B1,250,2,NA,MT,1,NA
W7JCR,4996,3A,1078,2,NA,WWA,25,JCARC
W7JDB,282,1E,116,2,NA,NV,2,NA
W7JEX,610,1B1B,51,5,NA,UT,1,NA
W7JQ,2242,2A,607,2,W7BRC,WWA,33,RF Wireless ARC of Burley
W7JSD,98,1D,15,2,NA,AZ,1,NA
W7JVO,1314,3A,144,2,NA,OR,7,High Desert Amateur Radio Group
W7JWT,1275,1B2B,185,5,NA,EWA,2,NA
W7KG,416,1D,133,2,NA,MT,1,NA
W7L,1538,2F,176,2,W7FLO,OR,40,NA
W7LT,3200,4AB,315,5,NA,OR,16,Portland ARC
W7M,1324,1E,637,2,NA,AZ,5,NA
W7MIR,734,2A,40,2,NA,WWA,14,Mercer Island Radio Ops
W7MNW,1368,4A,132,2,K7YON,WWA,35,Mercury NW
W7MOT,4210,2A,1153,2,AA7OO,AZ,16,MARCA
W7ORC,1534,2A,467,2,NA,EWA,6,Okanogan Co ARC
W7ORE,1806,3A,263,2,NA,OR,30,ROADS
W7OTV,7056,4A,1746,2,N7QR,OR,101,OR ualatin Valley ARC
W7PIG,9118,3A,2269,2,W7FLY,WWA,83,Stanwood - Camano ARC
W7POE,2148,2A,419,2,NA,MT,3,WPPS RC
W7PRA,2522,6A,551,2,NA,OR,15,Peak RA
W7PT,1972,2A,335,2,KG7AVA,WWA,15,Jefferson Co ARC
W7PU,4604,4A,1074,2,NA,WWA,5,NA
W7PX,4120,2A,1052,2,W7INW,MT,20,Hellgate ARC
W7PXL,588,2AC,114,2,N7IY,OR,12,Valley RC of OR
W7Q,3446,4A,990,2,NA,OR,24,Hoodview ARC
W7QC,4530,1B1B,408,5,NA,EWA,1,NA
W7QL,2324,1F,600,2,NA,UT,4,NA
W7QN,870,1D,205,2,NA,WWA,1,NA
W7R,9306,2A,2791,2,W7Y,WWA,21,Pacific Co ARC
W7RAG,2136,6A,246,2,NA,OR,56,Radio Amateurs of the Gorge
W7RDR,188,1F,69,2,NA,WWA,1,NA
W7RIM,1138,1F,216,2,NA,AZ,10,NA
W7RIN,2540,1B2B,250,5,NA,AZ,2,Rincon QRP Contest Club
W7RT,368,1E,84,2,NA,AZ,1,NA
W7S,1774,4F,410,2,NA,WWA,45,NA
W7SA,5146,5A,1398,2,K7RST,AZ,77,Catalina RC & Rad Soc of Tucson
W7SAA,3898,4A,1147,2,NA,OR,22,Salem ARC
W7SAG,440,1B1B,49,5,NA,ID,1,NA
W7SP,4646,3A,1197,2,K7LO,UT,98,Utah ARC
W7SST,3324,3A,922,2,NA,OR,7,NA
W7SU,1874,2A,431,2,NA,UT,29,Ogden ARC
W7TA,6416,7A,1405,2,VE7VSR,NV,28,Sierra Nevada ARS
W7TAB,220,1E,35,2,NA,WWA,1,NA
W7TB,3732,2A,879,2,KC7KCN,AZ,26,Northern AZ DX Assn / Coconino ARC
W7TCK,868,3A,59,2,NA,MT,26,Captital City ARC
W7TD,898,2A,114,2,NA,EWA,28,Apple City ARC
W7TT,1904,1A,441,2,NA,EWA,34,Central WA ARC
W7V,1992,3A,407,2,NA,NV,17,Elko ARC
W7VMI,1854,2A,292,2,NA,WWA,22,Vashon / Maury Island RC
W7VN/M,386,1C,96,2,NA,OR,1,NA
W7VNE,2864,2A,723,2,NA,MT,5,Anaconda ARC
W7WSV,1130,1B2,220,2,NA,AZ,2,NA
W7YAM,4440,4AB,394,5,KF7QZA,OR,29,MARC / ARES
W7YRC,620,3E,31,2,NA,AZ,6,NA
W7ZRC,1252,2B2,276,2,NA,ID,2,NA
W8ACW,2906,3A,684,2,WA8MY,MI,13,Genesee Co RC
W8AL,9424,2A,2240,2,KD8XD,OH,39,Canton ARC
W8AV,604,1F,177,2,NA,OH,5,NA
W8AWE,1558,1B2,428,2,NA,MI,2,NA
W8BAE,2414,6A,709,2,NA,OH,18,Crawford Co ARC
W8BFX,445,1E,76,5,NA,WWA,1,NA
W8BHZ,1380,6A,225,2,W8BHZ,OH,21,Conneaut ARC
W8BM,4402,5A,1190,2,NA,OH,29,Cuyahoga ARS
W8BNZ,1928,2A,509,2,NA,MI,14,Benzie AR Friends
W8BS,298,1E,24,2,NA,WV,1,NA
W8BXG,1086,1AC,360,2,NA,OH,6,Rocky Fork FD Group
W8CBF,2206,3AC,928,2,NA,OH,17,CBF ARC
W8CCA,2958,3AC,578,2,NA,OH,19,Coshocton Co ARA
W8CCI,3782,3E,886,2,NA,OH,14,NA
W8CTT,988,3A,191,2,NA,OH,6,Pioneer AR Fellowship
W8CWO,1472,2AC,502,2,NA,WV,15,Steubenville-Weirton ARC
W8DC,2976,3A,682,2,NA,MI,25,Grand Rapids ARA
W8DF,3525,4AB,440,5,NA,MI,46,Sothern Michigan ARS
W8DGN,4300,6A,917,2,NA,OH,51,Bellbrook ARC
W8DPK,70,1E,10,2,NA,OH,1,NA
W8DXA,8262,2A,2358,2,NA,OH,20,Northern OH DX Assn
W8DYY,1700,3E,875,1,NA,OH,20,NA
W8EDU,6054,1A,1545,2,NA,OH,4,Case ARC
W8EQ,1134,3A,244,2,NA,OH,14,Northwest Ohio ARC
W8FY,3890,4F,1344,2,NA,OH,17,NA
W8GK,7002,2A,1948,2,N8LW,WV,31,Kanawha ARC
W8GQN,2950,2A,769,2,NA,MI,8,Straits Area ARC
W8GUC,1146,2A,196,2,NA,OH,3,W8GUC Group
W8HH,5180,2A,1378,2,NA,OH,13,Marietta ARC
W8HHF,1528,7A,234,2,KD8QBU,OH,45,Toledo Moobile Radio Assn
W8HN,5710,4A,1466,2,W8EOC,OH,25,Medina 2 Meter Group
W8HP,6084,5A,1646,2,W8JXU,MI,26,Hazel Park ARC
W8I,2718,1A,632,2,NA,WV,14,IOOK Outback In The Hills
W8JXN,2184,3AC,545,2,NA,MI,15,NA
W8KEA,2524,6A,458,2,NA,MI,25,Midland ARC
W8LKY,3964,4A,960,2,NA,OH,46,Alliance ARC
W8LRK,3760,2A,1638,1,N8EOC,MI,10,Livngston AR Klub
W8MAA,3738,3A,884,2,N8TSP,MI,22,Central MI ARC
W8MAI,2692,2A,654,2,W8KIT,MI,35,Blossomland ARA
W8MHV,3092,1A,555,2,NA,OH,11,Athens Co ARA
W8MOP,1894,6A,321,2,NA,VA,12,East River ARC
W8MRC,3358,3A,761,2,KD8OUT,OH,18,Milford ARC
W8MRM,4996,2A,1265,2,NA,MI,52,Motorcity RC
W8NL,1374,2A,342,2,NA,OH,13,Morrow Co ARES
W8NNC,1570,1E,132,5,NA,OH,1,NA
W8NP,3572,2A,905,2,KB8STV,OH,40,Massillon ARC
W8PI,4526,2A,1433,2,NA,MI,35,Monroe Co Radio Com Assn
W8PIF,2345,3A,1277,1,NA,MI,55,M&M ARC
W8PRC,1634,1A,274,2,NA,OH,26,Parma RC
W8QLY,4962,8A,1177,2,KD8NZF,OH,50,MVARA
W8QQQ,2044,5A,404,2,NA,MI,10,Shiawassee ARA
W8SP,5342,2A,1338,2,NA,WV,26,Mountaineer ARA
W8STZ,1700,2A,336,2,NA,OH,10,Grant ARC
W8TCA,554,4A,252,2,NA,OH,15,Trumbull Co ARES
W8TCM,3916,5A,1475,2,NA,MI,15,Cherryland ARC
W8TM,1032,1D,269,2,NA,OH,1,NA
W8TNO,8546,3A,2889,2,W8P,MI,22,Oakland Co ARS
W8TR,116,1C,33,2,NA,MI,2,NA
W8UE,960,1E,91,5,NA,MI,1,NA
W8UM,6142,4A,1467,2,NA,MI,20,Arrow/UMarc FD Team
W8UPD,1066,1A,403,2,NA,OH,7,U of Akron ARC
W8USA,2712,3D,777,2,NA,MI,7,NA
W8VA,5072,7F,987,2,K8FER,WV,49,NA
W8VM,2528,2A,688,2,NA,OH,14,West Park Radio Ops
W8VP,5126,4A,1134,2,NA,OH,35,NA
W8VPV,9240,5A,2572,2,NA,OH,28,Cuyahoga Falls ARC
W8VVL,1940,3F,606,2,NA,OH,15,NA
W8VY,4392,7A,1183,2,NA,MI,20,Kalamazoo ARC
W8WE,3182,5A,762,2,W8WER,OH,12,Richland Co ARES Group
W8WML,312,2E,93,2,NA,MI,3,NA
W8WOO,2135,2AB,217,5,NA,OH,4,Just Havin' Fun QRP Club
W8WRC,2192,10A,212,2,NA,OH,68,Western Reserve ARC
W8WRK,2026,3A,470,2,NA,OH,16,NA
W8WTS,190,1B1B,4,5,NA,OH,1,NA
W8ZHO,3488,5A,666,2,NA,MI,17,Muskegon Area AR Council
W8ZPF,6082,3A,1616,2,NA,OH,27,CRES ARC
W9AA,4422,4A,1004,2,K9MS,IL,47,Hamfesters RC
W9ATG,3302,2A,709,2,N9TT,IN,31,Hancock ARC
W9AUK,1194,3A,197,2,KC9UEA,WI,7,Waukesha Co ARES
W9AV,570,1E,121,2,NA,WI,1,NA
W9AWE,2328,2F,576,2,NA,IL,20,NA
W9AZ,3086,3A,756,2,N9FD,IL,12,Kankakee Area RS
W9CCU,3652,4A,749,2,N9MWF,IL,30,WCRA
W9CHD,604,1E,126,2,NA,WI,1,NA
W9CQ,3624,6AC,1207,2,KC9DPT,WI,22,WI ARC
W9CWA,822,5A,27,2,NA,IL,23,Centralia Wireless Assn
W9DQA,1164,3A,282,2,NA,WI,15,Wood Co. ARES
W9DUA,2280,6A,439,2,NA,IL,50,Sangamon Valley RC
W9DUP,5234,6A,1262,2,NA,IL,45,DuPage ARC
W9EAU,6596,6E,2101,2,NA,WI,15,NA
W9EBV,4926,3A,1244,2,NA,WI,38,Fond Du Lac ARC
W9EC,1166,3A,158,2,NA,SB,6,West Santa Barbara County ARES
W9EOC,478,1F,64,2,NA,IN,10,NA
W9EWW,655,2B2B,30,5,NA,WI,2,NA
W9EX,4580,3A,1313,2,NA,IL,43,Central IL RC
W9F,3516,4A,791,2,NA,IL,24,NW IL ARC
W9FEZ,1198,2A,296,2,NA,IN,6,Mizpah Shrine Radio Unit
W9FHA,5470,1B2B,512,5,NA,IN,2,NA
W9FK,2962,2A,867,2,NA,WI,14,West Allis RAC
W9FT,2222,3A,708,2,NA,IL,20,WAFAR/PJ'S Group
W9GFD,676,2A,134,2,NA,IL,6,"Knox Co. RC, Inc."
W9GO,2696,6A,637,2,NA,IN,25,Kokomo ARC
W9GUS,768,4D,114,2,NA,IN,12,NA
W9HW,842,4D,375,2,NA,IL,6,NA
W9II,162,1D,56,2,NA,IL,1,NA
W9JP,8010,2A,2317,2,WD9BSA,IN,35,NA
W9JZ,3262,9A,641,2,NA,WI,57,Four Lakes ARC
W9K,790,1E,220,2,NA,IL,5,NA
W9KHH,1400,1B1,238,2,NA,WI,1,NA
W9KVR,298,1E,62,2,NA,IL,1,NA
W9LDX,4682,1A,1284,2,NA,IN,9,Lafayette DX Assn
W9LO,9190,5A,2743,2,AA9W,WI,40,Ozaukee RC
W9LRC,1334,3A,342,2,NA,WI,5,Lakeshore ARA
W9MAR,956,2A,158,2,KA9NOO,IN,10,Midwest ARS
W9MKS,2832,4A,452,2,K9ZQ,IL,49,Starved Rock RC
W9MQB,3908,2A,786,2,KD9PM,WI,13,Tri Co ARC
W9MVA,7668,3A,2127,2,W9FCC,WI,13,MS Valley ARA
W9NA,1568,3A,186,2,NA,WI,7,WI Valley RA
W9NE,9706,6A,2567,2,W9CEQ,IL,60,Fox River Radio League
W9O,928,2A,89,2,NA,WI,23,NA
W9OB,3006,3A,1118,2,NA,IN,10,Henry Co ARC
W9OG,3138,3A,702,2,WA9C,IN,33,TriState ARS
W9P,4462,2A,1110,2,WX9PAL,IL,75,Palatine ARES / RACES Group
W9PC,2452,1F,425,2,NA,IN,10,NA
W9PN,4234,3A,1079,2,W9DL,WI,15,Greater Beloit ARC
W9RH,3000,3A,622,2,N9GTC,WI,20,MRAC / MAARS / GTCARC
W9SCI,930,4A,282,2,NA,IN,23,South Central IA Comm Support Group
W9SE,42,1D,18,2,NA,IL,1,NA
W9SRB,650,1B1B,60,5,NA,IL,1,NA
W9SRC,728,2A,39,2,KC9TIR,IL,22,STARS ARC
W9TE,6580,6A,1457,2,W9BGJ,IN,46,Fort Wayne RC
W9TS,4290,1E,404,5,NA,IL,1,NA
W9UUU,4618,9A,941,2,K9CAT,IN,40,Wabash Valley ARA
W9VCF,818,3F,327,2,NA,IN,23,NA
W9VMW,1480,3F,310,2,W9LVY,IN,10,NA
W9VT,1598,4F,291,2,N9WDG,IL,15,NA
W9VW,1886,2A,436,2,W9SU,MI,8,Legion of Indianapolis DXers
W9WIL,1890,2F,296,2,NA,IL,10,NA
W9WXN,500,1D,25,2,NA,IN,1,NA
W9XB,980,1D,465,2,NA,IL,1,NA
W9XS,1288,1C,270,2,NA,IL,1,NA
W9YRC,2284,2A,573,2,NA,IL,25,York RC
W9ZL,3410,2A,725,2,NA,WI,93,Fox Cities ARC
WA1ENO,2828,1E,1289,2,NA,EMA,2,NA
WA1VKO,2330,1E,840,2,NA,NH,1,NA
WA2AEA,1826,2B2,348,2,NA,NNY,2,NA
WA2DFI,6336,2A,1973,2,W7BSA,AZ,26,Explorer Post 599
WA2EQF,2792,1E,650,2,NA,NNJ,4,NA
WA2EZG,270,1B2,60,2,NA,NNJ,2,NA
WA2JQK,504,1D,180,2,NA,ENY,1,NA
WA2LQO,992,2AC,334,2,NA,NLI,14,Gumman ARC
WA2SNA,2230,3A,540,2,NA,NNJ,8,Ramapo Mtn ARC
WA2WUN,2742,3A,840,2,NA,SNJ,37,Boro of Barrington OEM
WA3AAN,1192,1D,571,1,NA,EPA,1,NA
WA3COM,6940,5A,1781,2,KC3HW,WPA,14,NA
WA3IVV,460,1D,115,2,NA,WPA,1,NA
WA3NAN,2668,3F,728,2,NA,MDC,13,NA
WA3TZH,240,1B1B,9,5,NA,EPA,1,NA
WA3YLQ,670,1B1,155,2,NA,EPA,1,NA
WA4AAK,500,1E,41,5,NA,AL,1,NA
WA4CHJ,174,1C,12,2,NA,VA,1,NA
WA4FC,3380,2E,1373,2,NA,VA,6,NA
WA4FOM,1720,1E,163,5,NA,NNJ,1,NA
WA4GDN,932,2A,141,2,NA,WCF,30,Gulf Coast ARC
WA4HWT,320,1B1B,44,5,NA,GA,1,NA
WA4JA,320,1E,85,2,NA,TN,1,NA
WA4JUK,924,1A,145,2,NA,VA,3,NA
WA4KCO,622,1B2,176,2,NA,NC,2,NA
WA4MXF,680,1B1B,48,5,NA,TN,1,NA
WA4NZD,802,1F,144,2,NA,AL,10,NA
WA4PIG,1290,1AB,104,5,NA,TN,5,Flying Pigs QRP Int - No Central TN
WA4T,1436,2D,269,2,NA,WCF,13,NA
WA4TRS,1390,3A,317,2,K2JB,NC,15,The Road Show ARC
WA4UEA,294,1B1,36,2,NA,AL,1,NA
WA4USN,3470,3A,924,2,NT4HI,SC,18,Charleston ARS
WA4ZOF,490,1B1B,34,5,NA,MI,1,NA
WA5CC,1278,5F,117,2,NA,AR,13,Cross Co. ARC
WA5DSS,160,1B2B,17,5,NA,STX,2,NA
WA5HOT,982,1A,166,2,NA,STX,6,NA
WA5JRS,7970,3F,2870,2,WJ5E,NTX,24,NA
WA5TVO,1322,1E,268,2,NA,SDG,1,NA
WA5YNE,49,1D,49,1,NA,OK,1,NA
WA5ZNU,515,1B2B,7,5,NA,SCV,2,NA
WA6ARA,440,1B1B,35,5,NA,SV,1,NA
WA6BGS,2018,4A,393,2,NA,SDG,51,ARC El Cajon
WA6FV,5602,5A,1540,2,NA,ORG,18,Fountain Valley Am Comm / West Coast ARC
WA6GFR,242,1D,48,2,NA,ORG,1,NA
"WA6RC (K6LMN, K6SMO)",824,1B2,112,2,NA,LAX,2,NA
WA6TOW,2380,2A,550,2,NA,SCV,15,Coastside ARC
WA6TST,2790,2AB,276,5,KJ6YJF,ORG,30,Barstow ARC
WA7BME,264,1D,54,2,NA,UT,1,NA
WA7FQD,1634,2A,297,2,NA,OR,15,Emerald ARS
WA7GNP,154,1D,2,2,NA,WWA,1,NA
WA7GVT,1002,1A,321,2,NA,ND,3,Howard Hettinger Hams
WA7HDZ,162,1D,28,2,NA,EWA,1,NA
WA7KLI,544,1E,97,2,NA,EWA,4,NA
WA7LAW,2778,4A,585,2,NA,WWA,30,Snohomish Co Ham Club
WA7LO,1620,3A,301,2,NA,OR,11,Lake Oswego ARES
WA7PTM,260,1E,2,5,NA,WWA,1,NA
WA7TPB,128,1B1,14,2,NA,WWA,1,NA
WA7VE,1164,3A,172,2,KE7RRO,OR,64,STARS
WA7YNU,430,1D,105,2,NA,MT,2,NA
WA7ZZB,1240,1B1B,68,5,NA,EWA,1,NA
WA8FRE,384,1D,384,1,NA,MI,1,NA
WA8HSB,282,1D,58,2,NA,AL,1,NA
WA8Q,334,1A,142,2,NA,OH,23,NA
WA8REI,2870,1E,262,5,NA,MI,1,NA
WA8RRA,1162,4A,182,2,NA,MI,17,NA
WA8YVF,582,1E,154,2,NA,OH,1,NA
WA9LKZ,284,1A,14,2,NA,IL,3,NA
WA9PYH,870,1B1B,72,5,NA,IN,1,NA
WA9STI,1218,1B1,333,2,NA,SJV,1,NA
WA9Z,2394,1B1,536,2,NA,IA,1,NA
WAŘACF,1106,1B1,239,2,NA,STX,1,NA
WAŘBJR,1502,1D,535,2,NA,MO,3,NA
WAŘDE,4318,3A,1265,2,NA,CO,22,ARES of Douglas and Elbert Cos.
WAŘDX,1834,2AC,696,2,NA,IA,7,NA
WAŘFQL,1562,2A,229,2,NA,MO,8,Kansas City Area Blind ARC
WAŘGUD,812,1D,211,2,NA,IA,1,NA
WAŘQFJ,2054,5F,371,2,WŘDLK,MO,30,NA
WAŘRKQ,562,1D,244,2,NA,KS,1,NA
WAŘW,1480,1AB,87,5,NA,KS,21,NA
WAŘZQG,704,3A,77,2,NA,IA,3,NA
WB2ELW,3356,2E,902,2,NA,WNY,19,NA
WB2FAU,762,1D,381,2,NA,SFL,1,NA
WB2JSM,1344,3A,290,2,NA,NLI,23,Hall of Science ARC
WB2KXC,156,1D,78,2,NA,LAX,1,NA
WB2PEF,1620,1E,157,5,NA,WNY,1,NA
WB2QBP,2634,2A,929,2,K2ARC,NLI,15,ARC EM COMM SVC
WB2TVB,170,1E,4,5,NA,LAX,1,NA
WB3CEG,1150,1B1B,90,5,NA,STX,1,NA
WB3CII,294,1D,71,2,NA,MDC,1,NA
WB3CJU,210,1D,105,2,NA,EPA,1,NA
WB3ESR,1254,1D,317,2,NA,EPA,1,NA
WB3IOS,172,1B2,31,2,NA,EPA,2,NA
WB3LGC,425,1E,10,5,NA,DE,1,NA
WB4GNA,2100,2A,496,2,NA,AL,48,NA
WB4JJJ,530,1B1B,33,5,NA,VA,1,NA
WB4MJF,769,1D,719,1,NA,WNY,1,NA
WB4ZPI,1672,1A,611,2,NA,AL,17,Wiregrass ARC
WB5CCO,120,1D,35,2,NA,LA,1,NA
WB5LAI,360,1B1C,155,2,NA,MS,1,NA
WB5LRP,504,1B1,83,2,NA,STX,1,NA
WB5LVI,666,2E,155,2,NA,STX,25,NA
WB5UDA,866,1D,204,2,NA,NTX,1,NA
WB6AAJ,585,1B1B,51,5,NA,SCV,1,NA
WB6BFG,5256,2A,1455,2,NA,SDG,4,Three Guys and a Girl
WB6DIK,230,1D,42,2,NA,ORG,1,NA
WB6FDY,698,1E,124,2,NA,IL,1,NA
WB6HVH,250,1B1B,10,5,NA,SJV,1,NA
WB6RAB,312,1E,81,2,NA,SFL,1,NA
WB6RER,550,2A,82,2,NA,AZ,3,Hualapai ARC
WB7CLF,70,1D,10,2,NA,WWA,1,NA
WB7ENX,180,1B1B,6,5,NA,AZ,1,NA
WB7OND,203,1D,51,1,NA,NC,1,NA
WB7RDE,1036,4A,193,2,NA,WWA,5,Brush Prairie Hams
WB8CQR,1374,2A,266,2,NA,OH,10,Lake Erie ARA
WB8RFB,984,1D,239,2,NA,IL,1,NA
WB8SIW,948,2A,322,2,NA,MI,3,Snoring Beagle Ranchers
WB8UCD,492,2AC,116,2,NA,OH,5,Champaign Co. ARES
WB9EOC,1576,3F,367,2,NA,IN,8,NA
WB9FDZ,556,3A,75,2,NA,WI,20,Yellow Thunder ARC
WB9LRK,186,1D,68,2,NA,IN,1,NA
WB9MMI,40,1D,10,2,NA,IL,1,NA
WBŘOEW,400,1E,25,5,NA,AZ,1,NA
WBŘVYH,174,1E,37,2,NA,AZ,1,NA
WC1SW,3210,3F,818,2,NA,WMA,14,NA
WC3A,3394,4A,655,2,K3BD,EPA,15,Columbia-Montour ARC
WC4AR,2718,6A,486,2,NA,TN,13,Wilson ARC
WC4DC,1648,3F,253,2,NI4Y,TN,16,NA
WC4EM,8048,2A,2363,2,NA,WCF,15,Suncoast ARS / Sarasota Co ACS
WC4M,1468,3A,211,2,NA,AL,6,South AL RC
WC5C,2862,4F,735,2,WB5IDM,NTX,15,NA
WC7EOC,1680,2F,177,2,NJ7I,OR,14,NA
WC8EC,2750,5A,500,2,NA,WV,25,Wood Co Em Com
WC8EMA,532,2A,27,2,NA,OH,12,Warren Co ARA
WC8OH,612,3A,31,2,NA,OH,12,NA
WC8Z,152,1D,51,2,NA,OH,1,NA
WC9AR,1362,2A,406,2,NA,IN,15,Whitley Co ARC
WCŘAAA,1070,2A,260,2,NA,MN,20,Bloomington Com Group
WD2K,4844,3A,1117,2,K2RVW,ENY,31,Rip Van Winkle ARS
WD4DC,232,1D,116,2,NA,WCF,1,NA
WD4EXI,102,1D,13,2,NA,GA,1,NA
WD4HXG,250,1E,50,2,NA,NC,1,NA
WD4IEC,422,1E,136,2,NA,KY,1,NA
WD5COV,6220,1B1,2204,2,NA,NM,1,NA
WD5DDH,1494,2A,447,2,KB5YYK,NTX,20,Ellis Co ARC
WD5F,4014,2B2,996,2,NA,NTX,2,NA
WD5HNI,705,1B1B,65,5,NA,STX,1,NA
WD5IYF,918,2A,84,2,NA,OK,17,NA
WD6RAT,1052,3F,165,2,KW6GB,ORG,25,Desert Rats ARC
WD7Y,1790,1B1B,169,5,NA,NV,1,NA
WD8IEL,1386,5A,69,2,NA,MI,15,Chelsea ARC
WD8KAF,476,1F,142,2,NA,MI,5,NA
WD8LC,388,3F,167,2,NA,WV,12,NA
WD8MQN,480,1A,65,2,NA,VA,10,Possum Hollow Dads Club
WD9EEK,115,1B1B,13,5,NA,IL,1,NA
WDŘFAA,420,1B1B,28,5,NA,EB,1,NA
WDŘSKY,1656,3A,264,2,NA,MO,6,NW MO ARES
WE1CT,2462,3F,761,2,NA,WMA,15,NA
WE1SPN,924,2A,320,2,NA,CT,13,NA
WE4A,2060,2A,488,2,W8EMD,NC,13,Franklin Co ARC
WE4HOE,515,3AB,12,5,NA,AL,3,NA
WE4TT,828,2F,239,2,NA,WCF,8,NA
WE6EZ,194,1D,86,2,NA,STX,1,NA
WE7GV,2354,2A,485,2,NA,AZ,59,Green Valley ARC
WE7H,196,1D,52,2,NA,AZ,1,NA
WE8J,604,3AC,227,2,NA,GA,3,Brunswick-Glynn Co
WE8T,238,1E,47,2,NA,OH,3,NA
WE8U,86,1E,18,2,NA,ID,1,NA
WF1L,530,1E,66,5,NA,VA,1,NA
WF2V,1535,1B1B,142,5,NA,WNY,1,NA
WF4Q,2196,2F,414,2,KK4RMY,TN,38,NA
WFŘRT,4548,2A,998,2,NF5B,IA,18,Fort Madison ARC
WG4FOC,1400,1E,105,5,NA,NFL,1,NA
WG5F,1620,1B1B,127,5,NA,OK,1,NA
WG8V,208,7A,79,2,NA,MI,7,St Joseph Co ARES / RACES
WGŘD,1546,7E,236,2,NA,MN,7,NA
WGŘV,162,1E,56,2,NA,CO,1,NA
WH7DX,156,1E,56,1,NA,PAC,1,NA
WH7W,812,1E,297,2,NA,PAC,1,NA
WI6T,792,3A,92,2,NA,CO,5,OFOG Group
WI9BD,1022,4A,382,2,NA,WI,14,Black Diamond RG
WIŘS,458,1D,102,2,NA,MN,1,NA
WJ3P,96,1D,17,2,NA,SNJ,1,NA
WJ5J,1440,3A,291,2,NA,NTX,42,Ham Assn of Mesquite
WK5T,9554,2A,2631,2,NA,NM,7,NA
WK7B,3948,4A,813,2,NA,AZ,35,Thunderbird ARC
WK7I,930,3A,234,2,NA,ID,12,NA
WM4AA,3260,2B2B,282,5,NA,SC,2,NA
WM5A,2506,2A,415,2,NA,MS,22,Central Mississippi ARA
WM9E,216,1D,58,2,NA,WI,2,NA
WM9W,758,4A,124,2,NA,IL,9,The 220 Mhz Guys ARC
WN4AFP,236,1D,48,2,NA,SC,1,NA
WN4GM,1417,4AC,790,1,NA,SC,4,WN4GM FD Group
WO2N,96,1D,14,2,NA,NLI,1,NA
WO3X,450,1E,100,2,NA,OH,1,NA
WO8L/6,352,1D,89,2,NA,ORG,1,NA
WO9Z,1792,1B2,821,2,NA,IN,2,NA
WŘAA,5256,1B2,1160,2,NA,MN,2,NA
WŘAK,5212,3A,1211,2,WŘSCI,IA,50,Des Moines Radio Amateurs Assn / AR Technical Soc
WŘAO,438,1C,84,2,NA,MT,1,NA
WŘARC,1696,2A,360,2,NA,IA,20,Washington Area ARC
WŘBM,10914,3A,3129,2,ABŘBW,MN,25,Rochester ARC
WŘBU,1880,2A,333,2,WŘHO,MN,10,Twin Cities Repeater Club
WŘBXR,324,1D,27,2,NA,IA,30,NA
WŘCA,1648,2A,226,2,NA,CO,30,NA
WŘCET,2760,4A,648,2,NA,KS,30,Kaw Valley ARC
WŘCGM,1662,4A,256,2,NA,MN,24,South East Metro ARC
WŘCQC,12225,1AB,1167,5,NA,CO,6,Colorado QRP Club
WŘCS,920,2A,185,2,NA,IA,16,Clinton ARC
WŘCSR,1454,2AC,263,2,NA,MO,6,Comunity Service RC
WŘCWP,1420,2A,297,2,NA,IA,6,Jones Co ARC
WŘCY,1090,2A,265,2,NA,KS,12,Central KS ARC
WŘCZ,650,1B1B,35,5,NA,ND,1,NA
WŘDZ,2342,1E,523,2,NA,CO,1,NA
WŘEA,325,1E,18,5,NA,IA,1,NA
WŘEB,226,1D,44,2,NA,KS,1,NA
WŘEBE,1120,4A,195,2,ACŘSR,MO,12,NA
WŘECA,1764,2F,330,2,NA,MO,9,NA
WŘEF,5992,2A,1438,2,NA,MN,30,NA
WŘEM,252,1B2,55,2,NA,CO,2,NA
WŘEMZ,1296,4A,220,2,NA,MN,11,Detroit Lakes ARC
WŘERH,4594,4A,844,2,WŘAR,KS,41,Johnson Co ARC
WŘFD,4652,1A,1268,2,NA,CO,8,Gunnison Valley & Pitkin ARCs
WŘG,2854,1A,1252,2,NA,MN,6,Big Lake AR Enthusisiats
WŘGCJ,1524,1A,292,2,NA,KS,7,Marshall Co ARC
WŘGKP,1088,2A,207,2,NA,MN,30,NA
WŘGQ,2666,2A,588,2,KŘJCX,IA,32,Cedar Valley ARC
WŘGS,3608,3A,762,2,NA,MO,48,Rolla Regional ARS
WŘGXA,550,1E,100,2,NA,IA,1,NA
WŘHCA,2792,3F,691,2,NA,MO,10,Howell Co. ARC
WŘHF,6036,3F,1460,2,KT7AZ,AZ,50,NA
WŘJH,1456,2A,280,2,NA,MN,25,Stillwater ARA
WŘJRP,990,1B1B,79,5,NA,MO,1,NA
WŘKEM,3472,2A,798,2,WŘMTL,MO,14,Hannibal ARC
WŘKU,748,1A,154,2,NA,CO,6,Ether Busters
WŘM,3586,3A,845,2,KCŘAQS,IA,27,Muscatine ARC
WŘMA,3926,3A,896,2,NA,MO,19,Boeing Employees' ARS
WŘMG,912,2A,135,2,NA,IA,8,NA
WŘMI,105,2D,55,1,NA,KS,11,NA
WŘMR,5632,2A,1605,2,KŘAGF,MN,43,NA
WŘN,2465,6A,781,1,KŘW,KS,45,Greater Wichita Area FD
WŘNE,2192,2A,373,2,NA,MN,23,Winona ARC
WŘNFS,126,1D,38,2,NA,MO,1,NA
WŘNOZ,1022,2A,202,2,NA,SD,11,Huron ARA
WŘOJY,4986,2A,1025,2,WŘEJ,SD,14,Prairie Dog ARC
WŘPAN,194,1D,51,2,NA,AZ,1,NA
WŘPIR,680,2A,115,2,NA,SD,6,Pierre ARC
WŘPNA,808,1A,124,2,NA,MN,3,Peruvian-American RC
WŘQL,1170,1B1B,92,5,NA,CO,1,NA
WŘRR,1156,2F,187,2,NA,MO,13,NA
WŘRRZ,730,3A,30,2,AKŘTQ,CO,40,Western CO ARC
WŘTE,1316,3A,350,2,NA,MO,17,Clay Co. ARC
WŘTX,1962,5A,411,2,NA,CO,5,NA
WŘUI,1332,1D,336,2,NA,CO,1,NA
WŘUY,1854,1A,427,2,NA,CO,4,Arkansas River Group
WŘVFW,830,1D,830,1,NA,KS,6,NA
WŘWFX,426,1E,94,2,NA,MO,1,NA
WŘWML,2060,1A,351,2,NA,IA,10,Newton ARA
WŘWR,770,1AB,110,5,NA,KS,10,Reno Co. ARA
WŘWTN,2930,4A,573,2,NA,SD,29,NA
WŘWWV,734,2F,167,2,NA,NE,8,NA
WŘWYV,1132,4A,246,2,WBŘCAP,NE,14,Bellevue ARC
WŘYFZ,2168,2A,647,2,AEŘAL,MN,37,Anoka Co RC
WŘYL,2336,2A,478,2,NA,IA,15,Story Co ARC
WŘZRT,620,1AC,175,2,NA,ND,18,Central Dakota ARC
WŘZWY,3758,2A,1040,2,WŘFSD,SD,25,Sioux Empire ARC
WŘZXN,1042,2A,216,2,NA,KS,7,Phillips Co. ARC
WP4CRG,1856,2A,383,2,KP4ARN,PR,18,Caribbean ARG
WQ4RP,7160,3AB,718,5,NA,NC,6,KnightLites QRP Soc
WQ9A,4072,3A,1379,2,K5GBW,WI,47,Milwaukee Rep Club
WR1VT,2006,3A,360,2,NA,VT,28,West River RC
WR2G,1588,1E,330,2,NA,NNJ,1,NA
WR4CC,648,3F,227,2,NA,TN,23,NA
WR4MC,930,1F,165,2,NA,GA,4,Morgan Co. ARES
WR5O,902,1D,326,2,NA,WTX,4,NA
WR5P,3864,2E,1339,2,NA,AR,7,NA
WR6HMB,2998,2A,743,2,NA,SCV,15,Half Moon Bay ARES
WR7AAA,1865,2AB,147,5,NA,UT,13,Rainbow Canyon ARC
WR9ARC,1126,4A,112,2,NA,WI,12,Riverland ARC
WS1SM,2370,2A,583,2,KB1HNZ,ME,16,Wireless Society of So ME
WT3C,250,2D,100,2,NA,MDC,2,NA
WT4RA,3232,2A,1059,2,NA,VA,28,NA
WU3U,1424,1C,244,2,NA,EPA,1,NA
WU9Z,362,2E,46,2,NA,IN,2,NA
WUŘL,1150,1B1B,80,5,NA,ND,1,NA
WV3E,1372,4A,149,2,NA,WPA,34,North Hills ARC
WV5D,2234,3F,762,2,NA,MS,21,NA
WV5X,752,2A,51,2,NA,NM,5,Sandia Vista ARC
WV8HF,926,5A,338,2,NA,WV,14,Plateau ARA
WVŘH,2180,1B1B,173,5,NA,CO,1,NA
WW1IE,3022,4A,541,2,NA,ME,25,NA
WW4B,3500,1E,325,5,NA,NFL,1,NA
WW4KB,1486,2A,499,2,NA,KY,6,Will Work 4 Kentucky Bourbon
WW6OR,2316,3A,421,2,NA,EB,138,Oakland Radio Com Assn
WW7D,2494,1B1,607,2,NA,EWA,1,NA
WW8OH,4224,3AC,1175,2,W8TNX,OH,26,Central OH Op Klub Extra-Novice
WX1S,860,1D,237,2,NA,NH,1,NA
WX3SKY,1598,4A,241,2,NA,WPA,12,Skyview ARS
WX4BUY,2160,1AB,159,5,NA,VA,3,Alamance Co ARES
WX4PCA,970,2F,51,2,NA,GA,8,NA
WX4TC,1874,3A,404,2,NA,GA,20,Tri-Co ARC
WX4USA,300,1B1B,15,5,NA,AL,1,NA
WX5BC,2378,7A,331,2,NA,AR,10,Benton Co Radio Ops
WX5FWD,1698,1F,376,2,NA,NTX,8,NA
WX5MC,882,2A,166,2,NA,OK,20,MCARC / RCWA
WX5MEI,2118,2A,271,2,NA,MS,60,Lauderdale Co EOC
WX7G,1620,1C,380,2,NA,UT,1,NA
WX9DX,332,1D,282,1,NA,IL,5,NA
WXŘEK,1128,3F,119,2,NA,KS,5,NA
WY7FD,5860,2A,1266,2,WY7SS,WY,10,Wyoming 7 Flamingo Desperadoes
WY7KY,262,1B1,56,2,NA,WY,1,NA
WZ2T,3990,1E,364,5,NA,NNY,1,NA
XV4Y,170,1E,5,2,NA,DX,1,NA
YV5IAL,270,1B1B,2,5,NA,DX,1,NA
